sample_id,IoU_AUD,IoU_AUD_FIXED_SLOT0,outcome,semantic_margin,ownership_confidence,mean_max_ownership_probability,fraction_max_ownership_gt_0_7,fraction_max_ownership_gt_0_8,fraction_max_ownership_gt_0_9,eval_soft_containment,eval_seed_top10,eval_seed_top20,centroid_distance,js_divergence,extent_aud,extent_slot,extent_ratio,raw_seed_top10,raw_seed_top20
10000130166,0.7799756972899652,0.7808446039194038,Neutral,0.03164074197411537,0.4012526273727417,0.8253993988037109,0.8571428656578064,0.6122449040412903,0.36734694242477417,21954.3515625,0.9001672267913818,0.8968825340270996,0.02356589447684359,0.021699716460752753,0.6896125637755102,0.5233179209183674,0.7588578694873129,0.9348151087760925,0.9269669651985168
10007936344,0.643244233840354,0.6883424934914666,Neutral,0.02111946791410446,0.2939804196357727,0.7817655205726624,0.7551020383834839,0.5102040767669678,0.10204081237316132,25037.197265625,0.9049354195594788,0.9042773842811584,0.004483457351023132,0.013113111441889676,0.698600924744898,0.5858179209183674,0.8385587538869712,0.8452531099319458,0.844054102897644
10008553263,0.3685962111857362,0.3890837804374742,Neutral,0.05872536450624466,0.2622449994087219,0.7587076425552368,0.714285671710968,0.40816324949264526,0.16326530277729034,24943.79296875,0.9303617477416992,0.93585604429245,0.024480278426318638,0.01242463299163872,0.7135881696428571,0.6057477678571429,0.8488758553274683,0.8708171844482422,0.8648992776870728
10009662863,0.6527465584486593,0.6730776825559812,Neutral,0.0038907118141651154,0.2251688838005066,0.7422856688499451,0.6530612111091614,0.40816324949264526,0.040816325694322586,28352.02734375,0.900474488735199,0.8943020105361938,0.016092698308574654,0.008550241863825359,0.7189094387755102,0.6336894132653061,0.8814593036149924,0.8107309341430664,0.8096267580986023
10013411946,0.5230990753430599,0.5419242934394449,Neutral,0.003712169826030731,0.17772066593170166,0.6916954517364502,0.4285714328289032,0.2448979616165161,0.10204081237316132,17440.12890625,0.8347141742706299,0.7799965143203735,0.005812779177580794,0.011742234295176842,0.6882971938775511,0.5883290816326531,0.8547602501737317,0.6584457755088806,0.6206880807876587
10016382545,0.6273317650177264,0.5822845417236662,Neutral,0.023426368832588196,0.22482717037200928,0.7230967283248901,0.5102040767669678,0.30612245202064514,0.12244898080825806,19063.91796875,0.9442135095596313,0.8942120671272278,0.03342840194731996,0.010351900642366862,0.6893335459183674,0.5940290178571429,0.8617439574418874,0.8971692323684692,0.8487079739570618
10031203703,0.8400152418279306,0.8297880955594548,Neutral,0.015523461624979973,0.17129677534103394,0.7194027900695801,0.6530612111091614,0.12244898080825806,0.0,28746.05078125,0.9292303323745728,0.925733745098114,0.02015244750466986,0.003211658516086469,0.6807238520408163,0.6462850765306123,0.9494085958543156,0.7778228521347046,0.7780187726020813
10035917404,0.681939433971851,0.6631593368954651,Neutral,0.002926308661699295,0.2109392285346985,0.7118744254112244,0.4693877398967743,0.34693875908851624,0.12244898080825806,19344.818359375,0.7582622766494751,0.7180355787277222,0.010838121276148614,0.011384325367694566,0.6847895408163265,0.5842833227040817,0.8532305005820723,0.44453850388526917,0.42413052916526794
10045181004,0.6421705522040332,0.6384341046694866,Neutral,0.05262774974107742,0.2506933808326721,0.7377551198005676,0.6122449040412903,0.4285714328289032,0.12244898080825806,20335.638671875,0.9417890310287476,0.9192948341369629,0.022597093551573612,0.010888186238092179,0.6967474489795918,0.5884088010204082,0.844508009153318,0.9038869738578796,0.8778451681137085
10060697266,0.86928011404134,0.7752405239364785,Neutral,0.015059366822242737,0.3016985058784485,0.7804772257804871,0.7346938848495483,0.44897958636283875,0.16326530277729034,19182.693359375,0.921676516532898,0.9043854475021362,0.020858302058822168,0.023056404071466904,0.670280612244898,0.5040258290816326,0.7519624167459562,0.8282195925712585,0.8116070032119751
10061269855,0.6964758159998831,0.695392705732898,Neutral,0.014590103179216385,0.49794232845306396,0.8608088493347168,0.8367346525192261,0.714285671710968,0.4897959232330322,19716.109375,0.9201884865760803,0.9175137281417847,0.031946691887304486,0.017607125720045396,0.6505500637755102,0.5061782525510204,0.7780773236934012,0.9704896807670593,0.957179069519043
10067897816,0.3571332926665972,0.32469542872180684,Neutral,0.019918279722332954,0.144989013671875,0.671994149684906,0.34693875908851624,0.22448979318141937,0.06122449040412903,20239.310546875,0.7397236227989197,0.7490110993385315,0.010128987829209582,0.012324574374778402,0.6954520089285714,0.5935307716836735,0.8534460524430435,0.5416218042373657,0.556337833404541
10069511285,0.8027168069650958,0.7520581317204301,Neutral,0.0014420635998249054,0.17327529191970825,0.6994267702102661,0.44897958636283875,0.20408162474632263,0.08163265138864517,22564.3671875,0.8776718378067017,0.8311774134635925,0.01801296984528952,0.011970445697476333,0.689811862244898,0.5827088647959183,0.8447359297353518,0.7390046119689941,0.7064083218574524
10079676496,0.7591026527932685,0.7750243024824804,Neutral,0.03373398631811142,0.15402430295944214,0.6985255479812622,0.5306122303009033,0.22448979318141937,0.0,26843.13671875,0.9140597581863403,0.8884928226470947,0.015924320578896933,0.004442847913810201,0.6852877869897959,0.6439931441326531,0.9397411662061946,0.7914042472839355,0.7764356732368469
10080652613,0.8630861423220973,0.8374466561222358,Neutral,0.018984414637088776,0.22836828231811523,0.733466625213623,0.5918367505073547,0.40816324949264526,0.10204081237316132,24128.04296875,0.9396108388900757,0.9107365608215332,0.020702167637883868,0.002997009646933443,0.6342873086734694,0.6116470025510204,0.9643059134041351,0.855046272277832,0.8317130208015442
10106776154,0.6832728927374764,0.5629481361648455,Neutral,0.04595857858657837,0.13511455059051514,0.6772062182426453,0.40816324949264526,0.20408162474632263,0.0,18621.71484375,0.9030914306640625,0.8466451168060303,0.036948903288120255,0.008171734316739822,0.6903698979591837,0.6050900829081632,0.8764722863741339,0.8038352727890015,0.7663874626159668
10109936483,0.5154831567294006,0.5547937999719456,Neutral,0.033270202577114105,0.1904711127281189,0.7043813467025757,0.44897958636283875,0.26530611515045166,0.12244898080825806,21000.8671875,0.8725647926330566,0.8444997668266296,0.04997593930257976,0.018276538196948678,0.6457270408163265,0.5246332908163265,0.8124691358024692,0.677843451499939,0.6666715741157532
10110769444,0.6744996400287977,0.7167402269861286,Neutral,0.017965296283364296,0.2653014063835144,0.7483187317848206,0.6122449040412903,0.36734694242477417,0.20408162474632263,18554.8046875,0.9320009350776672,0.8808211088180542,0.028814308388269542,0.030015671196031143,0.6974051339285714,0.5177176339285714,0.7423484696939388,0.7945064306259155,0.7502337694168091
10111706074,0.6329745749493059,0.6291708388513841,Neutral,0.045279499143362045,0.21168732643127441,0.7309067845344543,0.6326530575752258,0.34693875908851624,0.040816325694322586,21320.423828125,0.9363294243812561,0.8971269726753235,0.004414618006079929,0.005382889828733523,0.6467833227040817,0.5804169323979592,0.897390071796136,0.8561722636222839,0.8240200877189636
10119607346,0.5694041189655951,0.5349549089926924,Neutral,0.06515438854694366,0.11641371250152588,0.6801242828369141,0.40816324949264526,0.08163265138864517,0.0,22817.40625,0.8685041666030884,0.8649214506149292,0.013011961922381163,0.005571948828343987,0.6336296237244898,0.5937101403061225,0.9369987104079514,0.682691752910614,0.6743033528327942
10119736773,0.9629781869998904,0.8980092681455483,Neutral,0.035592883825302124,0.13900721073150635,0.6581589579582214,0.22448979318141937,0.1428571343421936,0.1428571343421936,23994.3671875,0.8145377039909363,0.8080551624298096,0.011799448085723852,0.005138930878964238,0.6825374681122449,0.6440728635204082,0.9436446988057348,0.5122343301773071,0.5129293203353882
10129791115,0.6873584198432229,0.6655909968054227,Neutral,0.01171769667416811,0.2619306445121765,0.7654078006744385,0.714285671710968,0.4693877398967743,0.06122449040412903,23185.85546875,0.9641525149345398,0.9481083154678345,0.04380572056427029,0.012390951768433627,0.6488560267857143,0.5432676977040817,0.8372700187363701,0.8551417589187622,0.8469644784927368
10129813456,0.8093123229562569,0.8202979944452117,Neutral,0.027005232870578766,0.06991016864776611,0.6320651769638062,0.22448979318141937,0.020408162847161293,0.0,24481.798828125,0.9481253027915955,0.9245455861091614,0.037369724744545904,0.008633389962498204,0.7152822066326531,0.6306600765306123,0.8816940651992199,0.7018207907676697,0.6887245178222656
10163352444,0.8064857243567148,0.8025577356432375,Neutral,0.054669447243213654,0.1890866756439209,0.7200095653533936,0.5510203838348389,0.20408162474632263,0.06122449040412903,25318.685546875,0.9445320963859558,0.9235384464263916,0.019871168669283592,0.006050216813947282,0.6692841198979592,0.6125837053571429,0.9152819963075457,0.7989426255226135,0.7793608903884888
10165890496,0.5360557338343614,0.5209322238975447,Neutral,0.02263813093304634,0.3795846700668335,0.8146510124206543,0.8367346525192261,0.5510203838348389,0.2857142686843872,15949.8955078125,0.959637463092804,0.9268287420272827,0.01061635993078679,0.04483147364664179,0.6579041772959183,0.42378826530612246,0.6441489200569508,0.8598761558532715,0.8142768740653992
10173808724,0.790263980284052,0.764763779527559,Neutral,0.0026633399538695812,0.16643184423446655,0.7111395597457886,0.4285714328289032,0.2448979616165161,0.0,24779.654296875,0.8236935138702393,0.8030514121055603,0.006750518103086996,0.0040293721411720825,0.6499322385204082,0.6335100446428571,0.9747324522400417,0.730151355266571,0.7129177451133728
10202025415,0.86358387640524,0.7153949529640138,Neutral,0.024051256477832794,0.2501452565193176,0.7264273166656494,0.4897959232330322,0.2857142686843872,0.20408162474632263,17995.095703125,0.8864284753799438,0.8080504536628723,0.04017090059556566,0.02554616596943711,0.6563895089285714,0.5086694834183674,0.7749506603916807,0.7039914727210999,0.647033154964447
10221582415,0.66682201250534,0.6546839894500341,Neutral,0.04310191050171852,0.18734604120254517,0.7191025018692017,0.5918367505073547,0.20408162474632263,0.040816325694322586,22307.708984375,0.9013622999191284,0.884178102016449,0.008921065522482207,0.013175334301300034,0.7203244579081632,0.601203762755102,0.8346291121378967,0.7576512098312378,0.7480025887489319
10234680056,0.7826325293434799,0.6941917901549991,Neutral,0.05508508160710335,0.26064538955688477,0.7324745059013367,0.5102040767669678,0.34693875908851624,0.20408162474632263,16139.8486328125,0.796312689781189,0.732829213142395,0.05453427309357553,0.026332832305821757,0.6667928890306123,0.5002989477040817,0.7503063633918163,0.6129810214042664,0.5628741979598999
10246013484,0.8345762370250932,0.8617921270718232,Neutral,0.011687155812978745,0.265550434589386,0.7661553025245667,0.7551020383834839,0.4897959232330322,0.06122449040412903,24030.697265625,0.914729654788971,0.8921772241592407,0.008314759928675107,0.005201684401471439,0.6787707270408163,0.6218311543367347,0.9161136884138823,0.8550035357475281,0.8376117944717407
10268129763,0.6724718431559502,0.7355805785872045,Neutral,0.010275624692440033,0.2655232548713684,0.7500644326210022,0.6734693646430969,0.3877550959587097,0.20408162474632263,18015.59375,0.8220130205154419,0.7717358469963074,0.06649514953101715,0.031988884574389934,0.6721340880102041,0.5013552295918368,0.7459154929577465,0.5664414763450623,0.5562031865119934
10278084464,0.5673484816665967,0.569588265194975,Neutral,0.006956644356250763,0.21302634477615356,0.7169644832611084,0.4693877398967743,0.2857142686843872,0.12244898080825806,22487.4140625,0.9415554404258728,0.8978638648986816,0.025758511667870514,0.01028838103137825,0.6709382971938775,0.5964405293367347,0.8889648002376356,0.8129847645759583,0.7828599810600281
10283938426,0.53082954215468,0.5445204996118834,Neutral,0.01325869932770729,0.14114677906036377,0.6964839100837708,0.5306122303009033,0.08163265138864517,0.0,28281.357421875,0.9571225047111511,0.9369056820869446,0.0132054502492186,0.0024413206419692107,0.6964285714285714,0.6652782206632653,0.9552712912087912,0.773640513420105,0.7625647783279419
10289643764,0.6269218381841913,0.6789670059190092,Neutral,0.002305964007973671,0.22785890102386475,0.7221680879592896,0.4897959232330322,0.22448979318141937,0.16326530277729034,18779.80859375,0.9028704762458801,0.8769177198410034,0.023308587047928913,0.011722941630445193,0.6422991071428571,0.5349170918367347,0.8328161846841258,0.69643235206604,0.6723028421401978
10304554474,0.611771128499753,0.5943530041482671,Neutral,0.02009054645895958,0.2348368763923645,0.7481956481933594,0.6734693646430969,0.3265306055545807,0.08163265138864517,27006.361328125,0.9209762811660767,0.9105738997459412,0.009387242488772112,0.005348459076300459,0.6766780931122449,0.6177455357142857,0.9129090212941419,0.799159586429596,0.7973544001579285
10308472565,0.6069469518122483,0.6245440933696779,Neutral,0.022552169859409332,0.2780819535255432,0.7539778351783752,0.6326530575752258,0.4285714328289032,0.1428571343421936,19291.03125,0.9146578311920166,0.8880032896995544,0.025736349088358198,0.01549022273147916,0.6523836096938775,0.5202287946428571,0.7974277509623021,0.7966645956039429,0.7710438966751099
10369815925,0.8916659472215028,0.868824194460147,Neutral,0.02008388191461563,0.240911602973938,0.7445323467254639,0.6326530575752258,0.44897958636283875,0.020408162847161293,24955.439453125,0.9592301845550537,0.9520782828330994,0.0007891600745199733,0.0021380410549466057,0.6506297831632653,0.6257374043367347,0.9617411015132024,0.873312771320343,0.8668825030326843
10389014583,0.6171673217293655,0.5865349764407394,Neutral,0.014505766332149506,0.28540366888046265,0.7584561705589294,0.6734693646430969,0.4693877398967743,0.22448979318141937,20999.357421875,0.9415088295936584,0.9003767967224121,0.026162899997133574,0.014382164356908731,0.6964883609693877,0.5691764987244898,0.8172089163590581,0.9105633497238159,0.8677952885627747
10409146004,0.46003762506057067,0.4449521815403769,Neutral,0.02100236341357231,0.26399534940719604,0.7663320302963257,0.7346938848495483,0.5102040767669678,0.040816325694322586,23973.455078125,0.9199152588844299,0.9044826030731201,0.02048128707472659,0.004076912452602103,0.6504902742346939,0.6174266581632653,0.9491712368638745,0.8632227778434753,0.854861855506897
10409351364,0.5689370117029209,0.7072898032200358,Neutral,0.0014417804777622223,0.3024425506591797,0.7579483985900879,0.5306122303009033,0.4285714328289032,0.26530611515045166,20546.80859375,0.9602054953575134,0.9372135996818542,0.02264095594070766,0.01261066396123578,0.6756816007653061,0.5683195153061225,0.8411055068872961,0.9097045660018921,0.8831490278244019
10413912845,0.3261583908656399,0.3616357234314981,Neutral,0.022164002060890198,0.4452793598175049,0.8318041563034058,0.7755101919174194,0.6734693646430969,0.4897959232330322,18801.958984375,0.9442248344421387,0.9260789155960083,0.062246031292325595,0.028684359679548035,0.6382932079081632,0.4639469068877551,0.7268554657008149,0.9459165334701538,0.9191330075263977
10437048305,0.7165735005287808,0.681979691157402,Neutral,0.02319277822971344,0.267087459564209,0.7629514336585999,0.714285671710968,0.4285714328289032,0.1428571343421936,17721.111328125,0.955064594745636,0.9138910174369812,0.04125967161649772,0.013713737574276592,0.6468829719387755,0.5171795280612245,0.7994947316532133,0.8996196985244751,0.8611599206924438
10440265465,0.678274340753713,0.7881811517471695,Neutral,0.013538990169763565,0.13607680797576904,0.6885321140289307,0.40816324949264526,0.12244898080825806,0.0,20419.546875,0.9278590083122253,0.9059467911720276,0.02034354795492444,0.006486031660807553,0.6624481823979592,0.5826291454081632,0.8795090104997141,0.7502398490905762,0.736651599407196
10441843213,0.7466054453290647,0.8057630387525947,Neutral,0.027214517816901207,0.25651055574417114,0.7484032511711121,0.5510203838348389,0.36734694242477417,0.16326530277729034,22310.291015625,0.9590715765953064,0.9338206648826599,0.02590770614672593,0.01756969776183823,0.6700613839285714,0.5399394132653061,0.8058058951250707,0.8175283670425415,0.7883633375167847
10446128125,0.6992903478601593,0.7150896885319608,Neutral,0.048460450023412704,0.1581076979637146,0.6992676258087158,0.5102040767669678,0.16326530277729034,0.020408162847161293,22453.431640625,0.9471693634986877,0.929510772228241,0.01830456514003349,0.011376316546316753,0.6746851084183674,0.5713289221938775,0.8468082592384721,0.7613611817359924,0.7457097768783569
10451898725,0.053039307538489504,0.06326833580757618,Neutral,0.00018236227333545685,0.43274760246276855,0.8365312814712524,0.8979591727256775,0.5306122303009033,0.40816324949264526,21925.07421875,0.8931311964988708,0.8672842383384705,0.024332560921167694,0.024988275341130982,0.656608737244898,0.5103236607142857,0.7772111940751533,0.2877863645553589,0.274371862411499
10468313544,0.3683793781780841,0.36821823786880714,Neutral,0.00031986460089683533,0.22464263439178467,0.703254222869873,0.3877550959587097,0.26530611515045166,0.16326530277729034,20601.083984375,0.8832423686981201,0.8229085206985474,0.026328153397514206,0.01815444008246462,0.709602200255102,0.5815529336734694,0.8195478163179329,0.5723891854286194,0.5435894131660461
10476442285,0.6366344005956813,0.7099825962782811,Neutral,0.02024880424141884,0.2104703187942505,0.72269606590271,0.5918367505073547,0.34693875908851624,0.06122449040412903,14136.6015625,0.8128750324249268,0.7307766079902649,0.03355695181749044,0.01975569812771579,0.6845105229591837,0.5315290178571429,0.7765096372212195,0.6092316508293152,0.5707650780677795
10476446674,0.5080863743246397,0.6922294720786374,Neutral,0.0013160817325115204,0.35023337602615356,0.811689019203186,0.8571428656578064,0.6122449040412903,0.2448979616165161,13857.416015625,0.7599129676818848,0.6664974093437195,0.013446987925290027,0.008294848721782216,0.677734375,0.6153539540816326,0.9079574192789507,0.34933310747146606,0.3074367642402649
10477544895,0.5281841474502025,0.5253922651933701,Neutral,0.0036563873291015625,0.2426382303237915,0.753619909286499,0.714285671710968,0.3265306055545807,0.10204081237316132,16400.578125,0.9478412866592407,0.899467408657074,0.028315108410949127,0.016747989376462557,0.6618104272959183,0.5240752551020408,0.7918812298611738,0.8979337811470032,0.8522412180900574
10481128583,0.591233834745124,0.5496143792958792,Neutral,0.015340846963226795,0.20386874675750732,0.7157296538352966,0.4897959232330322,0.22448979318141937,0.12244898080825806,20382.298828125,0.9352996349334717,0.9008107781410217,0.01051713631983714,0.009683558637114953,0.6578842474489796,0.5633968431122449,0.8563768554983339,0.7375378608703613,0.7094273567199707
10520382525,0.6438759547253152,0.6821010358058809,Neutral,0.00772622786462307,0.3480336666107178,0.8017569184303284,0.795918345451355,0.6122449040412903,0.20408162474632263,21033.509765625,0.9524158239364624,0.9361980557441711,0.009567121571604543,0.017448408906980007,0.6529017857142857,0.5176179846938775,0.7927960927960928,0.8695099949836731,0.8543084263801575
10545790805,0.7454914397828366,0.6953667485369478,Neutral,0.03436460345983505,0.20975226163864136,0.7127377986907959,0.4897959232330322,0.30612245202064514,0.10204081237316132,18837.404296875,0.8928830027580261,0.8473044633865356,0.039594502273812233,0.021627149964205002,0.697624362244898,0.5472138073979592,0.7843960690206834,0.6643370389938354,0.6308773159980774
10548273474,0.4482448891603492,0.5579409156671489,Rescue,0.012296393513679504,0.2689369320869446,0.7465612292289734,0.5714285373687744,0.36734694242477417,0.22448979318141937,17450.54296875,0.90234375,0.8610060214996338,0.036350325586959095,0.01573036156604055,0.6738480548469388,0.5367307079081632,0.7965159267693945,0.6712029576301575,0.6305713057518005
10549911663,0.46937953770462926,0.4775830402779162,Neutral,0.013618238270282745,0.21846938133239746,0.7190028429031372,0.5306122303009033,0.30612245202064514,0.10204081237316132,21217.79296875,0.9152275323867798,0.8803000450134277,0.003921466964282414,0.0077548494396741776,0.6755022321428571,0.5978954081632653,0.885112409275978,0.8103662729263306,0.7856886982917786
10555704135,0.4367856159985322,0.47483195421168223,Neutral,0.025543000549077988,0.36417603492736816,0.7765997052192688,0.6326530575752258,0.5714285373687744,0.36734694242477417,15272.4482421875,0.9106770157814026,0.8537853360176086,0.040908296443303654,0.04003378957993737,0.6750438456632653,0.43373325892857145,0.6425260547370908,0.5478817224502563,0.5136128664016724
10557361454,0.17610825397446175,0.09899638699317544,Neutral,0.013914193958044052,0.5168710350990295,0.8602949976921082,0.8571428656578064,0.7346938848495483,0.4693877398967743,12005.3134765625,0.9266184568405151,0.8533155918121338,0.11388019795564287,0.07462826126733088,0.6265545280612245,0.33027742346938777,0.5271327692601311,0.8470519185066223,0.7753816843032837
10610974774,0.9201374222072034,0.8554893421957369,Neutral,0.0042038653045892715,0.2761673331260681,0.7519584894180298,0.6530612111091614,0.3877550959587097,0.18367347121238708,22403.568359375,0.9255438446998596,0.9028286337852478,0.01234986852350096,0.005644383348284875,0.6438934948979592,0.5787826849489796,0.8988795344806239,0.8773857951164246,0.855301558971405
10624261424,0.669889502762431,0.7277545035609552,Neutral,0.04347271844744682,0.23189806938171387,0.7256982326507568,0.5102040767669678,0.34693875908851624,0.1428571343421936,17771.62890625,0.8995123505592346,0.8407232761383057,0.012963966427302477,0.017766277071579274,0.6645408163265306,0.5312699298469388,0.7994541746641075,0.7664682269096375,0.7169277667999268
10635080206,0.6272164719593751,0.6455599236861883,Neutral,0.05005587637424469,0.22226756811141968,0.738524854183197,0.6938775181770325,0.3265306055545807,0.06122449040412903,26007.240234375,0.8975724577903748,0.8902629017829895,0.00211144117331299,0.003933109700960348,0.672492825255102,0.6219308035714286,0.9248140355036601,0.7911747694015503,0.7868269681930542
10654057765,0.7152313338134925,0.5996341017197219,Neutral,0.012316305190324783,0.269903302192688,0.7547003030776978,0.6326530575752258,0.4285714328289032,0.16326530277729034,17383.984375,0.9234378337860107,0.8781877160072327,0.047951999447677085,0.025980439877172565,0.6828364158163265,0.5051219706632653,0.7397408207343412,0.8166217803955078,0.7743813395500183
10659354545,0.6323100430615364,0.4781331515991822,Hurt,0.07553555071353912,0.13779795169830322,0.6782082915306091,0.3877550959587097,0.1428571343421936,0.040816325694322586,17161.46484375,0.685238778591156,0.6535550355911255,0.04279634642399247,0.015898907722923815,0.6777144451530612,0.6078802614795918,0.8969563299514778,0.6170914769172668,0.594847559928894
10666396623,0.6722150048717116,0.6888040486548876,Neutral,0.04667617753148079,0.40861451625823975,0.8198858499526978,0.795918345451355,0.6122449040412903,0.36734694242477417,16167.8662109375,0.9542921781539917,0.9190686941146851,0.0030293137396806475,0.02110376865670735,0.6359215561224489,0.47903380102040816,0.7532907107935315,0.9068204760551453,0.8606835603713989
10667001125,0.31589095862300764,0.5141516224698396,Rescue,0.008245816454291344,0.32111698389053345,0.7752843499183655,0.7346938848495483,0.4897959232330322,0.18367347121238708,14551.580078125,0.9196885228157043,0.843585193157196,0.024095479485737967,0.032735313544568156,0.6479791135204082,0.46033960459183676,0.7104235228985329,0.7143964767456055,0.6508409380912781
10701841844,0.4763103513056547,0.5036071293851376,Rescue,0.010866690427064896,0.3579879403114319,0.7668774724006653,0.5918367505073547,0.4897959232330322,0.36734694242477417,13502.4208984375,0.8207933902740479,0.7233217358589172,0.03908681009327232,0.0411807907462748,0.6626674107142857,0.45840640943877553,0.6917593984962407,0.731086254119873,0.6468390822410583
10743985374,0.601225379642159,0.5675915221579961,Neutral,0.02608649805188179,0.16816353797912598,0.7042060494422913,0.5102040767669678,0.1428571343421936,0.040816325694322586,15745.5185546875,0.9276540279388428,0.8701446056365967,0.017845010633423412,0.010740428748565053,0.6929607780612245,0.5740593112244898,0.8284153005464482,0.8307485580444336,0.7825798988342285
10751849775,0.6245366524924687,0.6571084049982111,Neutral,0.010734450072050095,0.22035080194473267,0.7332640290260315,0.6734693646430969,0.30612245202064514,0.08163265138864517,27826.115234375,0.9474321007728577,0.9244241118431091,0.002110405458472408,0.004031979715732131,0.7015904017857143,0.6461854272959183,0.9210294577166718,0.8297005891799927,0.8085711598396301
10761625676,0.579262920908379,0.688954609746689,Neutral,0.023664262145757675,0.3455437421798706,0.7739410400390625,0.5510203838348389,0.44897958636283875,0.36734694242477417,17109.357421875,0.9229803085327148,0.8771485090255737,0.03311508156518559,0.041089274625233714,0.6670918367346939,0.44038982780612246,0.6601637189292543,0.6197220683097839,0.5926138758659363
10771238614,0.6702317290552585,0.7627940483777119,Neutral,0.023358650505542755,0.4740718603134155,0.8428249359130859,0.8163264989852905,0.6530612111091614,0.4693877398967743,12641.076171875,0.9249700307846069,0.8411553502082825,0.039319780895777715,0.05068082777750134,0.6456672512755102,0.3910634566326531,0.60567336481773,0.8257958292961121,0.7461105585098267
10795023275,0.4431415731674653,0.39835546128263544,Neutral,0.0435577854514122,0.2409856915473938,0.7329720854759216,0.5714285373687744,0.3877550959587097,0.16326530277729034,15658.833984375,0.9545542001724243,0.9169398546218872,0.009324221976708262,0.006295642456138725,0.6391900510204082,0.5825095663265306,0.9113245198303817,0.9214083552360535,0.8791269063949585
10796050285,0.6938338816268305,0.6471844227030816,Neutral,0.01438126340508461,0.29355132579803467,0.7332766056060791,0.5306122303009033,0.3265306055545807,0.2448979616165161,17681.365234375,0.8664125800132751,0.8033820390701294,0.04129587116983325,0.033911101127189786,0.6807238520408163,0.5155253507653061,0.7573193582386697,0.7041620016098022,0.6574112176895142
10805310706,0.34691771228049484,0.4121041595727522,Neutral,0.028633302077651024,0.18863701820373535,0.6998035311698914,0.4897959232330322,0.30612245202064514,0.10204081237316132,19962.46484375,0.9137176275253296,0.8649953007698059,0.030961744946606574,0.01458293395139822,0.6921835140306123,0.5729432397959183,0.8277331490599176,0.7543435096740723,0.7226766347885132
10847897294,0.7328007175364581,0.7602590137553163,Neutral,0.020153535529971123,0.1792798638343811,0.7021538019180298,0.44897958636283875,0.22448979318141937,0.08163265138864517,18038.10546875,0.8578581809997559,0.7872312068939209,0.02288997722977035,0.01386159289152031,0.6867625956632653,0.5765704719387755,0.8395484488812793,0.6705606579780579,0.6290298700332642
10859255295,0.8024122187355929,0.7997948367242264,Neutral,0.008861662819981575,0.2090511918067932,0.7238646149635315,0.6530612111091614,0.26530611515045166,0.08163265138864517,22456.876953125,0.91751629114151,0.8973032236099243,0.01922982216709528,0.006331326557202057,0.6425382653061225,0.5712492028061225,0.8890508684863524,0.7841657400131226,0.7683521509170532
10862172945,0.710993026686335,0.6993682583420142,Neutral,0.029733680188655853,0.2270074486732483,0.7368202805519104,0.6530612111091614,0.40816324949264526,0.06122449040412903,20075.392578125,0.9649826288223267,0.9354386925697327,0.024341409904032066,0.006787345225479927,0.6567681760204082,0.5685387436224489,0.8656612247375128,0.877088725566864,0.8526518940925598
10939270325,0.48106604224891103,0.47244863693256406,Neutral,0.0018011853098869324,0.26617902517318726,0.7412354350090027,0.5918367505073547,0.36734694242477417,0.18367347121238708,17661.68359375,0.9165951609611511,0.8582473397254944,0.03958748350218456,0.025282753430206396,0.6824776785714286,0.5318877551020408,0.7793482069851652,0.7567125558853149,0.7111667394638062
10952523225,0.7454918511351694,0.7019242817506489,Neutral,0.027767807245254517,0.33266007900238037,0.7624731063842773,0.5510203838348389,0.3877550959587097,0.34693875908851624,17838.56640625,0.8865336775779724,0.8447637557983398,0.04762307378330769,0.03458815547150701,0.6309789540816326,0.457828443877551,0.725584333543904,0.6747533082962036,0.6445900797843933
10979853044,0.6756104459319318,0.7242282277367484,Neutral,0.021917222067713737,0.34809333086013794,0.7972930669784546,0.7551020383834839,0.4897959232330322,0.2448979616165161,19871.19140625,0.9562574625015259,0.9072595238685608,0.0358657902990876,0.027424023922757213,0.6140385841836735,0.4724170918367347,0.7693605972086984,0.8209198713302612,0.7767806649208069
10980225216,0.5487961502820634,0.6631372163834593,Neutral,0.0215054489672184,0.3827994465827942,0.800731360912323,0.7551020383834839,0.5918367505073547,0.26530611515045166,19435.64453125,0.9046600461006165,0.8875743746757507,0.030442900534566116,0.0369692595031217,0.6490951849489796,0.46494339923469385,0.7162946360035617,0.8231072425842285,0.8027330636978149
11002352834,0.7973472921914357,0.7388092480932795,Neutral,0.03756103664636612,0.4099366068840027,0.8252984285354614,0.8367346525192261,0.6122449040412903,0.3877550959587097,15673.619140625,0.9363070130348206,0.8999379873275757,0.02399516106330758,0.03370105174040086,0.6511878188775511,0.44541214923469385,0.6839995103140111,0.9205572009086609,0.8802236318588257
11036641226,0.32651162790697674,0.47638975286998814,Neutral,0.01590077206492424,0.5109493732452393,0.8646402955055237,0.918367326259613,0.714285671710968,0.4897959232330322,16147.9228515625,0.96634441614151,0.9444332718849182,0.06754036813265335,0.05672262306395623,0.6430165816326531,0.37388392857142855,0.5814530126456732,0.8527142405509949,0.8161686062812805
11050409385,0.5381490948562625,0.6122636666951835,Neutral,0.0220489501953125,0.2805439233779907,0.7442348003387451,0.5510203838348389,0.3877550959587097,0.2448979616165161,16981.470703125,0.8916771411895752,0.8379397392272949,0.045581113651317194,0.022263342216038214,0.6445910395408163,0.48684630102040816,0.755279349472838,0.6408976316452026,0.6060587167739868
11071986404,0.2628709872804361,0.2970973133841575,Neutral,0.07173654437065125,0.17955541610717773,0.7182987332344055,0.6122449040412903,0.2857142686843872,0.020408162847161293,20694.455078125,0.9457604885101318,0.9266553521156311,0.013311910456920881,0.012359480389856617,0.6763392857142857,0.5583944515306123,0.8256129184347007,0.7909225821495056,0.7721183896064758
11101358996,0.7313148852846639,0.7362215056988602,Neutral,0.012395337224006653,0.414636492729187,0.8219442963600159,0.8163264989852905,0.6938775181770325,0.40816324949264526,21103.591796875,0.9679332375526428,0.9612681269645691,0.03738890054055645,0.019919552737179783,0.6326132015306123,0.4938815369897959,0.7807006489824208,0.9330965280532837,0.9232056736946106
11154049584,0.785950536670721,0.8050891388131353,Neutral,0.014829320833086967,0.29633045196533203,0.7653166651725769,0.6530612111091614,0.44897958636283875,0.18367347121238708,16893.6796875,0.9070948362350464,0.8792541027069092,0.016677486074571528,0.01915822123504761,0.6280293367346939,0.48971619897959184,0.7797664381822798,0.7996022701263428,0.7667149901390076
11314266424,0.8827519065390232,0.8720310380721067,Neutral,0.05252055078744888,0.4187511205673218,0.8185412287712097,0.7755101919174194,0.6734693646430969,0.5102040767669678,27800.939453125,0.9770106673240662,0.9760816097259521,0.005872216226997681,0.0023508863102045426,0.6379344706632653,0.6317362882653061,0.9902839826298855,0.9507867693901062,0.9476708173751831
11650557765,0.6351881782498269,0.6567662474701171,Neutral,0.013190644793212414,0.17382949590682983,0.704755425453186,0.5306122303009033,0.26530611515045166,0.040816325694322586,20891.6953125,0.9426813721656799,0.8962939381599426,0.03428794910163178,0.010114692036697594,0.6904894770408163,0.5883689413265306,0.8521041390059458,0.8286632299423218,0.7918266654014587
11764496003,0.700330264914623,0.7057356608478803,Neutral,0.016544904559850693,0.2972224950790405,0.7809843420982361,0.7346938848495483,0.5510203838348389,0.1428571343421936,25662.826171875,0.9441965818405151,0.9367009401321411,0.019217803755468436,0.01448478564420725,0.648796237244898,0.5475526147959183,0.8439515881304908,0.8229416608810425,0.8144155740737915
11765015695,0.6892342322843167,0.6689470888398822,Neutral,0.05641169846057892,0.24162805080413818,0.7391347885131836,0.6530612111091614,0.30612245202064514,0.16326530277729034,19500.84765625,0.9274407029151917,0.8894769549369812,0.047578966981485844,0.020467851712938412,0.6476403061224489,0.5088488520408163,0.785696701132447,0.7487519383430481,0.7135832905769348
11776645404,0.5630836913735882,0.5356131954093973,Neutral,0.033734291791915894,0.20179277658462524,0.734380304813385,0.6938775181770325,0.26530611515045166,0.0,23170.48046875,0.9401608109474182,0.9270554780960083,0.01548539620066316,0.0062049236903355155,0.6354033801020408,0.5932916135204082,0.9337243585722351,0.8631075024604797,0.8491102457046509
12015590114,0.7232115907032901,0.7799913486494281,Neutral,0.030454479157924652,0.2908235192298889,0.7682135105133057,0.6530612111091614,0.44897958636283875,0.22448979318141937,15803.431640625,0.934738039970398,0.8834714293479919,0.0277617416615856,0.016378968909016835,0.6629862882653061,0.5244140625,0.7909877953466001,0.8961492776870728,0.8374173045158386
12031178616,0.6914159351336863,0.7005378209576683,Neutral,0.009720065630972385,0.294894814491272,0.7733960151672363,0.714285671710968,0.4285714328289032,0.20408162474632263,24343.57421875,0.9513563513755798,0.9363470077514648,0.035815966377826663,0.011381627193710716,0.6262157206632653,0.5430883290816326,0.8672543840106935,0.8084214925765991,0.795322060585022
12048726756,0.6204235548696081,0.6075764934434191,Neutral,0.07354608923196793,0.27621930837631226,0.7683145999908447,0.714285671710968,0.6122449040412903,0.040816325694322586,26091.025390625,0.9470735192298889,0.930611252784729,0.020711310523873837,0.004551496088569826,0.6494140625,0.6097735969387755,0.9389596440079792,0.8642120361328125,0.8507838249206543
12066557153,0.48540309186150504,0.4965041819132253,Neutral,0.05741391330957413,0.2935085892677307,0.7746292352676392,0.7346938848495483,0.6530612111091614,0.0,26123.0234375,0.929526150226593,0.9300691485404968,0.017420284406062112,0.00450315005815906,0.6380341198979592,0.5897839604591837,0.9243768351346285,0.8709914088249207,0.8708162307739258
12103535156,0.4544547300320039,0.49472270197658796,Neutral,0.009161749854683876,0.29291486740112305,0.7734586000442505,0.6938775181770325,0.4897959232330322,0.1428571343421936,19875.044921875,0.9489792585372925,0.9448346495628357,0.026881298379955502,0.01839797630526711,0.6919642857142857,0.5437061543367347,0.7857430875576038,0.8655214309692383,0.8475261926651001
12158276143,0.4138560387373126,0.44909841845471943,Neutral,0.011735782027244568,0.4267692565917969,0.8277637362480164,0.8163264989852905,0.714285671710968,0.40816324949264526,19758.2890625,0.9395996928215027,0.9090561270713806,0.0021800244139419936,0.01902264320279439,0.6374960140306123,0.5059988839285714,0.7937287022853033,0.9184813499450684,0.8855002522468567
12328837165,0.7665391721500113,0.7139541715628672,Neutral,0.0477956086397171,0.2532652020454407,0.7587051391601562,0.7346938848495483,0.4285714328289032,0.040816325694322586,26931.279296875,0.9808682203292847,0.9705101847648621,0.009505005600954634,0.0012972073910480354,0.6604153380102041,0.6576251594387755,0.995775115429882,0.8818517923355103,0.87322598695755
12373955905,0.7485766152322799,0.7012551375859336,Neutral,0.025369925424456596,0.36084288358688354,0.7924699187278748,0.6938775181770325,0.5306122303009033,0.34693875908851624,16457.91796875,0.9391565322875977,0.9007754921913147,0.045825411663609095,0.026067101055243645,0.6102319834183674,0.4588249362244898,0.7518860838041738,0.8582140207290649,0.8260380029678345
12444360833,0.6411344955288591,0.5196716617352295,Neutral,0.016464713960886,0.3401945233345032,0.7754488587379456,0.6938775181770325,0.44897958636283875,0.30612245202064514,12985.57421875,0.9031669497489929,0.8053813576698303,0.03551969058306264,0.027369337825324025,0.6635443239795918,0.4835180165816326,0.7286898540277527,0.8631919026374817,0.7782992124557495
12512072175,0.7070022237891197,0.7434327272727272,Neutral,0.01321442797780037,0.2806905508041382,0.7647756338119507,0.6326530575752258,0.5306122303009033,0.08163265138864517,26044.044921875,0.9657663106918335,0.9478880167007446,0.03348400085474332,0.010184962954053044,0.6948939732142857,0.6048708545918368,0.8704505693062209,0.8782938122749329,0.8620321154594421
12534178685,0.839336994307018,0.7911513104124667,Neutral,0.021827388554811478,0.18929767608642578,0.6984841227531433,0.36734694242477417,0.20408162474632263,0.16326530277729034,22172.7421875,0.8980731964111328,0.8709987998008728,0.030586234301096478,0.0178810254534398,0.686164700255102,0.5557437818877551,0.809927677248831,0.6348859071731567,0.6237592697143555
12598610153,0.6810979015399345,0.6541956860915861,Neutral,0.030148126184940338,0.4466977119445801,0.8357937932014465,0.8367346525192261,0.6530612111091614,0.4285714328289032,19649.3046875,0.9369292855262756,0.9283137321472168,0.03650394390225846,0.018472572873624277,0.6245814732142857,0.48770328443877553,0.7808481444845081,0.9705839157104492,0.9516855478286743
12599965145,0.8907107969541608,0.8475645225484493,Neutral,0.015576358884572983,0.2836606502532959,0.767530083656311,0.7346938848495483,0.44897958636283875,0.16326530277729034,24204.333984375,0.9218374490737915,0.9023756384849548,0.007922205125862336,0.008012108960594367,0.6329918686224489,0.5568199936224489,0.879663738547275,0.8146630525588989,0.7981113195419312
12729873904,0.7244087813974515,0.7766935845670704,Neutral,0.030222274363040924,0.1065778136253357,0.6656126379966736,0.34693875908851624,0.06122449040412903,0.0,24199.689453125,0.897549569606781,0.8776698708534241,0.03230158559332557,0.0050644858946976515,0.7013512436224489,0.6280492665816326,0.8954846409593362,0.741355836391449,0.7346670627593994
13153991894,0.341696957458266,0.367376872008646,Neutral,0.04776347428560257,0.17281246185302734,0.6971085071563721,0.44897958636283875,0.22448979318141937,0.08163265138864517,17965.919921875,0.7540355920791626,0.7188881635665894,0.0231461645892298,0.012525008914982698,0.6754025829081632,0.5836057079081632,0.8640856915223228,0.5779370069503784,0.5518594980239868
13234495505,0.5085119973339258,0.5129034514109871,Neutral,0.00901409424841404,0.3856584429740906,0.7968292832374573,0.6938775181770325,0.4897959232330322,0.36734694242477417,13282.8427734375,0.7915529608726501,0.7447918057441711,0.024395410475936297,0.043431184470810964,0.6680484693877551,0.4457509566326531,0.6672434367541766,0.5380507707595825,0.5058639645576477
13409856383,0.9015973786606595,0.8794467104096471,Neutral,0.009122077375650406,0.37183791399002075,0.8076524138450623,0.795918345451355,0.5918367505073547,0.34693875908851624,21512.75390625,0.9654490947723389,0.9354255199432373,0.020941036088850794,0.01908877238886602,0.6202566964285714,0.5025908801020408,0.810294968189705,0.9044725298881531,0.8771436810493469
13447842855,0.7044483484069664,0.7329967102746539,Neutral,0.02731914073228836,0.3500722646713257,0.7898685336112976,0.714285671710968,0.5102040767669678,0.30612245202064514,15178.314453125,0.9061335325241089,0.862652063369751,0.010543333313065617,0.023221692048160547,0.6272919323979592,0.4684311224489796,0.7467513899920571,0.7322776913642883,0.693581223487854
13579448834,0.6399456101857288,0.673275311670419,Neutral,0.08658752590417862,0.18705040216445923,0.7026049494743347,0.4693877398967743,0.2857142686843872,0.08163265138864517,20796.822265625,0.9430114030838013,0.8915343284606934,0.02406522760500798,0.005442309133898489,0.6590401785714286,0.5957629145408163,0.9039857263820007,0.8372987508773804,0.7994422912597656
13660204414,0.6750516376512246,0.5995936627811526,Neutral,0.010553263127803802,0.3576965928077698,0.7946793437004089,0.6938775181770325,0.5306122303009033,0.30612245202064514,12206.7724609375,0.8983921408653259,0.7956058382987976,0.053055559937374625,0.03879916001448004,0.6489158163265306,0.4241470025510204,0.6536240786240786,0.7388547658920288,0.6552997827529907
13721325644,0.6886513314880214,0.6439490356778227,Neutral,0.0746050477027893,0.28315484523773193,0.7533577084541321,0.6122449040412903,0.40816324949264526,0.18367347121238708,24172.443359375,0.9540706872940063,0.9033903479576111,0.02435022504344518,0.01292718316888673,0.6665537308673469,0.5666653380102041,0.8501420242188669,0.8603911399841309,0.8141091465950012
13861270725,0.6681497899368156,0.7033233690873923,Neutral,0.04191309213638306,0.14783859252929688,0.69986492395401,0.5714285373687744,0.18367347121238708,0.0,23235.220703125,0.8751247525215149,0.8671682476997375,0.019359778793175922,0.005365614625031217,0.6827766262755102,0.6172871492346939,0.9040835984704749,0.7752189040184021,0.7653341293334961
14062380939,0.5390296948685372,0.6387665198237885,Neutral,0.033583566546440125,0.2561338543891907,0.7445130348205566,0.5918367505073547,0.40816324949264526,0.1428571343421936,14171.671875,0.8720247745513916,0.8041850924491882,0.05479236425858343,0.026769955359165182,0.6878388073979592,0.5075534119897959,0.7378958653261088,0.6237837076187134,0.5756884813308716
14172932360,0.6481958288888071,0.5871991766941101,Neutral,0.007450871169567108,0.5006096959114075,0.8554092645645142,0.8367346525192261,0.7755101919174194,0.5306122303009033,16664.68359375,0.9531371593475342,0.9379690289497375,0.0715134224643242,0.057231705840212775,0.6600366709183674,0.3892299107142857,0.5897095235219517,0.9091466665267944,0.8860541582107544
14174434304,0.8166332665330661,0.752897971420006,Neutral,0.03555615246295929,0.19219249486923218,0.7211326956748962,0.6122449040412903,0.2857142686843872,0.0,25524.01953125,0.8821694850921631,0.8682823777198792,0.03935435032533698,0.009385116214869949,0.6714365433673469,0.6226682079081632,0.9273671712674384,0.8036923408508301,0.7876956462860107
14203929291,0.6649730114948597,0.7291548016685394,Neutral,0.05383243411779404,0.21495842933654785,0.7114548087120056,0.5306122303009033,0.26530611515045166,0.12244898080825806,21377.685546875,0.9063109159469604,0.8731598258018494,0.05190908142932775,0.021726239842681648,0.6967075892857143,0.5612045599489796,0.8055094685050631,0.7462118864059448,0.7221205234527588
14414061986,0.6797245513525818,0.7589025472056774,Neutral,0.01689048856496811,0.44488000869750977,0.8389249444007874,0.8367346525192261,0.714285671710968,0.44897958636283875,19594.525390625,0.9396551251411438,0.9359405040740967,0.028444161103432248,0.022782906696029344,0.6189413265306123,0.47889429209183676,0.773731324059763,0.9390639066696167,0.9199924468994141
14566072101,0.6833621100261967,0.5934700437513021,Neutral,0.05700007826089859,0.13337504863739014,0.6685904264450073,0.34693875908851624,0.1428571343421936,0.040816325694322586,18747.859375,0.8986735939979553,0.8368375897407532,0.01036073304885639,0.0069329368081532386,0.6659757653061225,0.6052495216836735,0.9088161359827628,0.6126291751861572,0.5782486200332642
14648401332,0.8173388665542731,0.8386510846841907,Neutral,0.03032776713371277,0.27898043394088745,0.7654634714126587,0.6734693646430969,0.4693877398967743,0.18367347121238708,20145.013671875,0.9485615491867065,0.9072447419166565,0.028949216166231573,0.011689250313486794,0.6175063775510204,0.5393813775510204,0.8734830880454428,0.8744803667068481,0.8371244668960571
14652810592,0.8367266904147195,0.922879177377892,Neutral,0.014919094741344452,0.3498668670654297,0.8002339601516724,0.7346938848495483,0.5306122303009033,0.2448979616165161,22209.962890625,0.9125781655311584,0.9158674478530884,0.05550284885719977,0.024757483245724687,0.6296635841836735,0.4942602040816326,0.7849591694625561,0.8298837542533875,0.824432373046875
14678892718,0.43357118586476384,0.47200464171743545,Neutral,0.06133352965116501,0.1826249361038208,0.7128489017486572,0.5306122303009033,0.22448979318141937,0.06122449040412903,19779.70703125,0.8967077732086182,0.855657696723938,0.02278381174045811,0.006649448335981483,0.658820950255102,0.5793207908163265,0.8793296427383005,0.8175128698348999,0.7861511707305908
14680986811,0.7438386026297885,0.6152267803079219,Neutral,0.04277908429503441,0.18799561262130737,0.6981160640716553,0.4285714328289032,0.3265306055545807,0.06122449040412903,19936.224609375,0.9350455403327942,0.8634328246116638,0.016353564034460158,0.011605974990421377,0.6886559311224489,0.5993901466836735,0.8703768015280432,0.8432633280754089,0.7805275917053223
14742398172,0.7753010913201641,0.8037055432639485,Neutral,0.00861202459782362,0.23628497123718262,0.7445384860038757,0.6530612111091614,0.26530611515045166,0.12244898080825806,26978.65625,0.9248180985450745,0.9110480546951294,0.009352108768003003,0.0033621521183734297,0.6523636798469388,0.6224091198979592,0.954083035468793,0.815902590751648,0.8025538325309753
14778198185,0.6141931600934646,0.6134949039134833,Neutral,0.006539344787597656,0.44598913192749023,0.8377676010131836,0.7755101919174194,0.7346938848495483,0.4285714328289032,17658.716796875,0.9348900318145752,0.9185768365859985,0.03402829884204815,0.04000761557750919,0.6633649553571429,0.44300063775510207,0.6678083220669971,0.8996546864509583,0.874983012676239
14899015793,0.794980224372528,0.8150420038930437,Neutral,0.0053581129759550095,0.18533331155776978,0.7243213057518005,0.6326530575752258,0.2448979616165161,0.0,27340.49609375,0.9122560024261475,0.8616368770599365,0.026498015140194755,0.0047074423434809946,0.6774952168367347,0.6431760204081632,0.9493440018826851,0.8185737729072571,0.7711678743362427
15135657108,0.9304722327162825,0.8981822555667484,Neutral,0.004859430715441704,0.18646138906478882,0.7281478643417358,0.6122449040412903,0.18367347121238708,0.020408162847161293,21900.974609375,0.8805410861968994,0.8641663193702698,0.013525635503051341,0.005448769325086472,0.6567482461734694,0.597038424744898,0.9090826328407126,0.7782859802246094,0.7617667317390442
15210828119,0.589407626032257,0.5696345907613514,Neutral,0.01139744184911251,0.19432276487350464,0.7044923305511475,0.3877550959587097,0.26530611515045166,0.16326530277729034,17687.34765625,0.6985834240913391,0.7204320430755615,0.026289883929964553,0.018093258462886553,0.6671316964285714,0.5562420280612245,0.8337814423134373,0.5339550375938416,0.524520754814148
15679023977,0.43820879291595466,0.47663015792154867,Neutral,0.04927697032690048,0.4342244267463684,0.835675060749054,0.795918345451355,0.6734693646430969,0.4693877398967743,19346.52734375,0.9434043169021606,0.9255555272102356,0.006147436491809662,0.011656579120726167,0.5838050063775511,0.48465401785714285,0.8301642030519236,0.9216634035110474,0.8951517343521118
15799251138,0.7095176944163188,0.6395149892137172,Neutral,0.039924800395965576,0.11994731426239014,0.6619573831558228,0.3265306055545807,0.18367347121238708,0.040816325694322586,23644.06640625,0.8596354126930237,0.7963631749153137,0.015453021518696581,0.007512534040770218,0.7054767219387755,0.6412627551020408,0.9089779083564042,0.6912793517112732,0.6579355001449585
15994498891,0.6697288487183286,0.5601142442651192,Neutral,0.002712264657020569,0.09581625461578369,0.6476119756698608,0.30612245202064514,0.08163265138864517,0.0,19496.501953125,0.9205051064491272,0.8631660342216492,0.007094081573779309,0.005827043899313307,0.6719347895408163,0.6300223214285714,0.9376242028770576,0.6753040552139282,0.6428772807121277
16012165838,0.8240387690339721,0.8300957167461953,Neutral,0.0032100528478622437,0.2537962794303894,0.7403630614280701,0.5510203838348389,0.3265306055545807,0.16326530277729034,21228.228515625,0.9064958095550537,0.8632969260215759,0.06777823540073794,0.025602620015405503,0.7100605867346939,0.5502232142857143,0.7748961490962165,0.7961993217468262,0.7686270475387573
16101081359,0.8665425691344197,0.9065951300041272,Neutral,0.012752696871757507,0.20029985904693604,0.7190827131271362,0.6122449040412903,0.3265306055545807,0.020408162847161293,24410.951171875,0.9503291845321655,0.9338295459747314,0.026376136241207895,0.008122772775941573,0.6591597576530612,0.5971580038265306,0.9059381991896959,0.811820387840271,0.8032296299934387
16369370669,0.675248124133756,0.6865540044085231,Neutral,0.07379762083292007,0.25489962100982666,0.7686500549316406,0.7551020383834839,0.4693877398967743,0.020408162847161293,25973.427734375,0.9264621734619141,0.9188974499702454,0.003973927779529547,0.004945774108433115,0.6588807397959183,0.5973573022959183,0.9066243194192377,0.8399032354354858,0.8341659307479858
16419739420,0.7093515214478221,0.6858410598132922,Neutral,0.04638403281569481,0.1337428092956543,0.67345130443573,0.36734694242477417,0.18367347121238708,0.020408162847161293,20027.8515625,0.8532891869544983,0.8013418912887573,0.028728862114596947,0.008570739979016213,0.6725526147959183,0.6056281887755102,0.9004919101523143,0.7248273491859436,0.6920313835144043
16563757295,0.6981253735098921,0.7962620592288816,Neutral,0.08581709861755371,0.39074474573135376,0.8279112577438354,0.8571428656578064,0.7551020383834839,0.26530611515045166,25483.55859375,0.9217387437820435,0.9233691096305847,0.04654214610071627,0.016110006229194958,0.6399872448979592,0.5574378188775511,0.8710139511709019,0.8631868362426758,0.8616914749145508
16659090834,0.7742456661281166,0.7421411199564948,Neutral,0.025561125949025154,0.13339966535568237,0.667427122592926,0.3265306055545807,0.18367347121238708,0.06122449040412903,21604.044921875,0.850943922996521,0.8154409527778625,0.02026295389935682,0.010128955703755597,0.6612125318877551,0.595085299744898,0.8999909575911024,0.6921128034591675,0.6653503775596619
16804898716,0.7670249887438091,0.793405310767435,Neutral,0.11392419040203094,0.22863924503326416,0.7395370602607727,0.6122449040412903,0.34693875908851624,0.08163265138864517,23270.990234375,0.8833872079849243,0.8810665607452393,0.037683861209490306,0.011317792061015308,0.6832748724489796,0.5953244579081632,0.8712810640532027,0.8037816882133484,0.8032742738723755
16950760048,0.608143130614048,0.5074617467413891,Neutral,0.015637200325727463,0.27847492694854736,0.7434995770454407,0.4693877398967743,0.36734694242477417,0.2857142686843872,19138.939453125,0.9192813038825989,0.8762694597244263,0.016397003312461043,0.023828104905105604,0.6695432079081632,0.5067761479591837,0.7568983479684477,0.7043007612228394,0.6716557741165161
17140316339,0.6429717851410743,0.6379954455475018,Neutral,0.05071292817592621,0.21295583248138428,0.7424277067184448,0.7346938848495483,0.2857142686843872,0.020408162847161293,28360.525390625,0.9057992696762085,0.8891593813896179,0.024892599150377635,0.0060181731725703425,0.6675701530612245,0.6285076530612245,0.9414855505134941,0.7671652436256409,0.7552273869514465
17537079145,0.8289909077358771,0.7080725131701271,Neutral,0.043477967381477356,0.17436283826828003,0.6920085549354553,0.36734694242477417,0.2448979616165161,0.12244898080825806,19857.80859375,0.8785368800163269,0.8101842403411865,0.024325818974168915,0.010331813557340822,0.6895527742346939,0.6175860969387755,0.8956328217578543,0.7667345404624939,0.7204586267471313
19306860381,0.7402219873150105,0.7213871235147831,Neutral,0.07548773288726807,0.22420740127563477,0.7271034121513367,0.5102040767669678,0.36734694242477417,0.12244898080825806,22376.716796875,0.923839807510376,0.9040428996086121,0.016008060901966794,0.0049989050180600375,0.6436543367346939,0.5959024234693877,0.9258112459747336,0.8258045315742493,0.8020271062850952
20854461578,0.8490497329541513,0.8996465910764246,Neutral,0.033609017729759216,0.307539165019989,0.7776708602905273,0.6734693646430969,0.5714285373687744,0.18367347121238708,23837.896484375,0.8961607217788696,0.9007644057273865,0.014805616743419538,0.010660554440943316,0.639030612244898,0.5534319196428571,0.8660491516966067,0.8201704025268555,0.8186839818954468
2401957951,0.2316428624105804,0.29235828860413887,Neutral,0.03542592003941536,0.14905720949172974,0.6693512201309204,0.40816324949264526,0.20408162474632263,0.10204081237316132,20740.6484375,0.84964519739151,0.7743949294090271,0.040786891955898054,0.013753186871916484,0.7235132334183674,0.6272321428571429,0.8669255984353911,0.6946233510971069,0.6503422856330872
2404965389,0.7665986260178661,0.6790505675954592,Neutral,0.04217851907014847,0.12071430683135986,0.6724528074264526,0.36734694242477417,0.12244898080825806,0.020408162847161293,23378.708984375,0.9051323533058167,0.8779597282409668,0.03694413306924727,0.013640390060921864,0.7051977040816326,0.6124641262755102,0.8684998869545557,0.7573907375335693,0.730610728263855
2432219254,0.5219512195121951,0.35521415995388045,Hurt,0.02074267715215683,0.24719351530075073,0.7377404570579529,0.5714285373687744,0.36734694242477417,0.18367347121238708,15907.779296875,0.8313108086585999,0.767149031162262,0.039114312802316614,0.020184711150456662,0.6840122767857143,0.5386838329081632,0.7875353282247021,0.616342306137085,0.5623091459274292
2462141223,0.6679849895147345,0.6423154992148903,Neutral,0.02920500934123993,0.17057806253433228,0.710268497467041,0.5510203838348389,0.26530611515045166,0.0,16997.173828125,0.9458144307136536,0.8990065455436707,0.015148809740979556,0.010278447529339997,0.6647401147959183,0.5500438456632653,0.8274569766744618,0.8101261854171753,0.7715566158294678
2465634368,0.8398622407855206,0.821377920429947,Neutral,0.017653044313192368,0.23308145999908447,0.7487459778785706,0.6938775181770325,0.40816324949264526,0.040816325694322586,25656.14453125,0.955289363861084,0.9287653565406799,0.006230007793789815,0.006429776273206075,0.6913663903061225,0.6264150191326531,0.9060536177572788,0.8832047581672668,0.8679437637329102
2499673064,0.4828966267378784,0.5144321473668573,Rescue,0.054663024842739105,0.3029201030731201,0.778545081615448,0.7755101919174194,0.40816324949264526,0.1428571343421936,26458.021484375,0.8972069621086121,0.8900769948959351,0.03659090051560975,0.014650512479972932,0.6745057397959183,0.5902423469387755,0.8750738683370761,0.7896608710289001,0.7949731945991516
2509250774,0.6275594056015887,0.6006656659922992,Neutral,0.02856450155377388,0.20718717575073242,0.7231704592704773,0.5714285373687744,0.36734694242477417,0.0,26192.640625,0.9605266451835632,0.9462456703186035,0.010452098489975725,0.002128969172654238,0.6472417091836735,0.6573860012755102,1.0156731124522722,0.8625456094741821,0.8494583964347839
2542659118,0.2932726638656858,0.2960507686926395,Neutral,0.036202967166900635,0.13064557313919067,0.6816443204879761,0.5102040767669678,0.10204081237316132,0.0,22078.662109375,0.8520110845565796,0.8575810790061951,0.02015701585065726,0.008974989242042191,0.6721141581632653,0.615234375,0.9153718420116238,0.7587192058563232,0.7555912137031555
2630218696,0.7600390048349743,0.7173514431239388,Neutral,0.040724337100982666,0.14854133129119873,0.6937152147293091,0.44897958636283875,0.2857142686843872,0.0,23454.576171875,0.9337640404701233,0.9250794649124146,0.009658329501412924,0.003921943165171697,0.6560507015306123,0.6012236926020408,0.9164287016222127,0.8115520477294922,0.8058827519416809
2695985181,0.6148205863119669,0.691494497810778,Neutral,0.045075591653585434,0.1830132007598877,0.6976207494735718,0.40816324949264526,0.2857142686843872,0.12244898080825806,18711.296875,0.7535489201545715,0.7456182241439819,0.019658656250328043,0.013270226549735975,0.6934988839285714,0.5746771364795918,0.8286633905221715,0.6137486696243286,0.6025820970535278
2698329253,0.7451057964726001,0.7427432260912753,Neutral,0.027535511180758476,0.2428404688835144,0.7342722415924072,0.5510203838348389,0.3877550959587097,0.12244898080825806,23830.77734375,0.9155107736587524,0.8946327567100525,0.025534029409977715,0.012081404571820418,0.6998166454081632,0.6041733099489796,0.8633308651819787,0.8442662954330444,0.8260723352432251
2766580444,0.22318102334068274,0.2766990291262136,Neutral,0.03700932860374451,0.2859593629837036,0.7560007572174072,0.6122449040412903,0.36734694242477417,0.22448979318141937,16957.947265625,0.9490637183189392,0.8990983963012695,0.009662461616729706,0.01882228973149273,0.623046875,0.4932437818877551,0.7916640010236069,0.7645578980445862,0.7205414772033691
2778088729,0.6092803105319444,0.6243445534506089,Neutral,0.05127854645252228,0.1821010708808899,0.6924629807472229,0.36734694242477417,0.30612245202064514,0.1428571343421936,18893.7109375,0.9189022183418274,0.900450587272644,0.00965664283110121,0.008588845135505434,0.6375956632653061,0.5525151466836735,0.8665603900975244,0.6169123649597168,0.5982268452644348
2808068937,0.5392657460424385,0.6281096169442296,Neutral,0.025719400495290756,0.27096015214920044,0.7525930404663086,0.5918367505073547,0.40816324949264526,0.18367347121238708,15917.6357421875,0.9005621075630188,0.8117436170578003,0.03447683783008545,0.021591697384204543,0.6986208545918368,0.5450414540816326,0.7801677411992924,0.6389231085777283,0.5810092687606812
2811549163,0.6044238928350097,0.5869855500977633,Neutral,0.03522209823131561,0.09342986345291138,0.6529281139373779,0.30612245202064514,0.06122449040412903,0.0,27037.810546875,0.8363019824028015,0.8416903018951416,0.007183741032879122,0.0027048959932566277,0.7038026147959183,0.6765585140306123,0.9612901398878633,0.6751853227615356,0.6809045076370239
2819123278,0.8551070008206553,0.9110966012577751,Neutral,0.02899125963449478,0.29041188955307007,0.7706089019775391,0.6938775181770325,0.4285714328289032,0.1428571343421936,22551.658203125,0.9521822929382324,0.932913601398468,0.010093254997095742,0.010221836334886636,0.654914700255102,0.5542091836734694,0.8462310946106327,0.8445404767990112,0.8268094062805176
2858344348,0.8845238095238095,0.8361344537815126,Neutral,0.027818521484732628,0.271493136882782,0.7648475766181946,0.7346938848495483,0.36734694242477417,0.16326530277729034,20659.83984375,0.8838146328926086,0.8565925359725952,0.04067165790866315,0.016535144068640626,0.6376155931122449,0.5216438137755102,0.8181164629762759,0.8076675534248352,0.7746780514717102
2895192729,0.862202293443105,0.844561853252884,Neutral,0.004439305514097214,0.38192129135131836,0.8066241145133972,0.795918345451355,0.6530612111091614,0.30612245202064514,23516.052734375,0.9665622711181641,0.9369957447052002,0.0460128071215771,0.020301171955951314,0.6450892857142857,0.5122169961734694,0.794024962926347,0.9129123687744141,0.8871960639953613
2897081671,0.8559175310132312,0.7735724109826295,Neutral,0.017163746058940887,0.337527334690094,0.7862889766693115,0.7346938848495483,0.5102040767669678,0.26530611515045166,17677.615234375,0.9277245402336121,0.8797177076339722,0.021314468240459836,0.02969871840767084,0.6328125,0.4614158163265306,0.7291509196271101,0.8359624743461609,0.79578697681427
2897653916,0.3169573779715853,0.4448943314240569,Neutral,0.007572425529360771,0.34462445974349976,0.789302408695221,0.6938775181770325,0.5306122303009033,0.22448979318141937,15638.9072265625,0.9138437509536743,0.838050127029419,0.020365998311458126,0.03328876625393797,0.6297831632653061,0.4504344706632653,0.7152215189873418,0.8096391558647156,0.7452998161315918
2907554899,0.689358446144791,0.6750567977998326,Neutral,0.011120617389678955,0.2635956406593323,0.7638779282569885,0.7551020383834839,0.5102040767669678,0.06122449040412903,32387.8203125,0.9297687411308289,0.9237869381904602,0.01935324413753779,0.006833458200418803,0.7146045918367347,0.6591996173469388,0.9224676483712627,0.8191488981246948,0.8149381875991821
2935372113,0.5157406640722033,0.5179822590576997,Neutral,0.0562085285782814,0.2449449896812439,0.7505852580070496,0.6530612111091614,0.44897958636283875,0.040816325694322586,23855.09375,0.9570838212966919,0.9492540955543518,0.008444431610303697,0.0039342744105204264,0.6318957270408163,0.5833067602040817,0.9231060367122943,0.8512662649154663,0.8415507078170776
2961466546,0.46666526545882553,0.46361763840430453,Neutral,0.01784559339284897,0.21683269739151,0.738753616809845,0.714285671710968,0.36734694242477417,0.0,28680.291015625,0.8950133323669434,0.8983646035194397,0.03561967957349298,0.007744452093373724,0.6845105229591837,0.6521843112244898,0.9527747044779596,0.8147710561752319,0.8174352645874023
3012435981,0.4311650259457535,0.459566585395753,Neutral,0.07381559908390045,0.28947240114212036,0.7776699066162109,0.8163264989852905,0.4897959232330322,0.1428571343421936,23934.908203125,0.9418467283248901,0.9200752377510071,0.024041013571306023,0.008198792769800171,0.6422592474489796,0.6159917091836735,0.9591013467386583,0.8693375587463379,0.8514485359191895
3052033339,0.3944070429829104,0.4021968736797634,Neutral,0.03390546888113022,0.18070322275161743,0.727656900882721,0.6530612111091614,0.18367347121238708,0.0,30705.296875,0.9039653539657593,0.8906545639038086,0.019361776742464847,0.003577506684116759,0.7050980548469388,0.6752032844387755,0.9576019672687187,0.7810080051422119,0.7712882161140442
3102685146,0.5048729407496578,0.6168498168498169,Neutral,0.0197734571993351,0.2675880789756775,0.7582746148109436,0.6530612111091614,0.5102040767669678,0.10204081237316132,21019.544921875,0.965314507484436,0.9343385100364685,0.032872311086061236,0.016508866625550497,0.6677495216836735,0.5331034757653061,0.7983584539620951,0.8439759016036987,0.8109512329101562
3109408703,0.7721466642161368,0.6942003214444482,Neutral,0.028651941567659378,0.1784016489982605,0.7123766541481018,0.5306122303009033,0.2857142686843872,0.040816325694322586,16607.34375,0.9010136723518372,0.8388515114784241,0.01578189978546725,0.012765352402597147,0.6643614477040817,0.5595902423469388,0.8422978851057447,0.7518218159675598,0.7117249369621277
3202731977,0.7466113181972213,0.7932916566482328,Neutral,0.01313685066998005,0.4071611762046814,0.8156032562255859,0.7551020383834839,0.6326530575752258,0.34693875908851624,15092.505859375,0.9273807406425476,0.8919543027877808,0.03423806903457179,0.035463863781573984,0.6668526785714286,0.44411670918367346,0.6659892408846383,0.8534242510795593,0.8236507177352905
3207674548,0.6159336279979711,0.6329577464788733,Neutral,0.04566657915711403,0.22263532876968384,0.74381023645401,0.6734693646430969,0.34693875908851624,0.040816325694322586,21875.298828125,0.9619796276092529,0.9445993304252625,0.016040277029323563,0.012281618663389227,0.647819674744898,0.5377471301020408,0.8300876788186432,0.8076021075248718,0.7876654863357544
3230152596,0.7048133132189327,0.6857261410788382,Neutral,0.027912672609090805,0.13499373197555542,0.6829313039779663,0.4897959232330322,0.1428571343421936,0.0,26320.0390625,0.9502834677696228,0.9156622290611267,0.010757014351289852,0.0016566452659799282,0.7073301977040817,0.6854472257653061,0.9690625792454425,0.8282774090766907,0.8028876185417175
3403348616,0.7301414995524577,0.7134828324183493,Neutral,0.062465861439704895,0.16136842966079712,0.7082695960998535,0.5306122303009033,0.18367347121238708,0.0,20482.02734375,0.9164260625839233,0.9018084406852722,0.029571410674370868,0.008169652183293824,0.6433354591836735,0.5578762755102041,0.8671623296158613,0.7641010284423828,0.7522719502449036
3413119417,0.6867051685917629,0.7791847237269772,Neutral,0.05918685346841812,0.3897371292114258,0.813980221748352,0.7755101919174194,0.6326530575752258,0.3265306055545807,22665.919921875,0.9318951964378357,0.9266723990440369,0.018810518267082823,0.02037031766690243,0.6757413903061225,0.5368502869897959,0.7944611573172888,0.9273291826248169,0.9264956712722778
3416359816,0.40957720399135894,0.46334887787816964,Neutral,0.04679113253951073,0.2742732763290405,0.7732605338096619,0.7346938848495483,0.4897959232330322,0.10204081237316132,27341.763671875,0.9643179178237915,0.9444581270217896,0.00836016715837916,0.009133185363851399,0.7089245854591837,0.6154137436224489,0.8680947963228471,0.8897444009780884,0.8707605600357056
3484198977,0.6145078020766865,0.6796153712155524,Neutral,0.03686011582612991,0.17166852951049805,0.6936650276184082,0.40816324949264526,0.22448979318141937,0.06122449040412903,20024.208984375,0.8639764189720154,0.8248582482337952,0.014267023108703057,0.016476315944907366,0.7003547512755102,0.571906887755102,0.8165959989755556,0.6108781099319458,0.5879452228546143
3535748358,0.6576658635482164,0.687455452601568,Neutral,0.06106250360608101,0.2766615152359009,0.7647486329078674,0.714285671710968,0.4693877398967743,0.10204081237316132,24306.462890625,0.939146101474762,0.9358867406845093,0.015504278342033597,0.007125396714762493,0.6596978635204082,0.5924744897959183,0.8980997552944019,0.8964851498603821,0.8839170336723328
3568893693,0.7306137089936737,0.6895892874345718,Neutral,0.01111672818660736,0.2864673137664795,0.7690050601959229,0.714285671710968,0.5102040767669678,0.1428571343421936,21780.03125,0.9672487378120422,0.9383466839790344,0.02763863981928097,0.005878424195875212,0.6416613520408163,0.5694156568877551,0.88740837371102,0.9136885404586792,0.8852671384811401
3668283413,0.7321295010150657,0.679796222664016,Neutral,0.025527387857437134,0.17722898721694946,0.7068524956703186,0.5306122303009033,0.26530611515045166,0.040816325694322586,21496.380859375,0.9530017375946045,0.9187425374984741,0.011637754826011523,0.004376211666456538,0.6813217474489796,0.6188416772959183,0.9082957935997191,0.8372614979743958,0.8053375482559204
3709678770,0.7750113011824605,0.7464670255720054,Neutral,0.024943513795733452,0.1823224425315857,0.7204799056053162,0.6734693646430969,0.26530611515045166,0.020408162847161293,24620.509765625,0.9159548282623291,0.8924410939216614,0.005400666491382659,0.004110927357725315,0.6769571109693877,0.6352240114795918,0.9383519298142315,0.7936642169952393,0.7806918621063232
3719297546,0.6406421426266538,0.632608291503997,Neutral,0.050318293273448944,0.320462703704834,0.7766152620315552,0.6938775181770325,0.5306122303009033,0.2448979616165161,16340.9169921875,0.9425700306892395,0.8819067478179932,0.02962952229416265,0.0216371698435074,0.6675701530612245,0.5019929846938775,0.7519703845235252,0.8506353497505188,0.7944972515106201
3727937033,0.6359403147411713,0.6468384169805971,Neutral,0.013030489906668663,0.34147804975509644,0.7930707931518555,0.714285671710968,0.5510203838348389,0.18367347121238708,16428.638671875,0.9501128196716309,0.8964625597000122,0.03655370233208056,0.025674110230462968,0.6208944515306123,0.45153061224489793,0.7272260383899338,0.8307374119758606,0.7795243859291077
3749326537,0.536760198656442,0.5617055258093655,Neutral,0.01772327348589897,0.20904862880706787,0.7242844700813293,0.6122449040412903,0.22448979318141937,0.10204081237316132,28886.806640625,0.9131098985671997,0.9014388918876648,0.03057736496646812,0.00886141090326686,0.6968271683673469,0.629524075255102,0.9034149410822561,0.756271481513977,0.7595043182373047
3790233127,0.7879390913452142,0.8132490451731859,Neutral,0.024894434958696365,0.42321497201919556,0.8241409659385681,0.7755101919174194,0.7346938848495483,0.2857142686843872,22512.732421875,0.9528200626373291,0.9452703595161438,0.022422624909765442,0.02072073153148999,0.6253786670918368,0.4963926977040816,0.793747410688677,0.8789985775947571,0.8605118989944458
3801318146,0.5937484308310319,0.5503302180685358,Neutral,0.016770297661423683,0.11342531442642212,0.6694165468215942,0.34693875908851624,0.040816325694322586,0.020408162847161293,24147.236328125,0.8784000873565674,0.8411407470703125,0.012102126855768894,0.007371056924448627,0.6958705357142857,0.6551937181122449,0.9415454233016383,0.7321129441261292,0.7053049802780151
3828103578,0.48873217309337197,0.5138489508932712,Rescue,0.01485144067555666,0.3062314987182617,0.771288275718689,0.6734693646430969,0.5102040767669678,0.20408162474632263,22394.65234375,0.9617937803268433,0.923399806022644,0.02659287272428431,0.007422507485922002,0.6366390306122449,0.5632174744897959,0.8846731780616077,0.896105945110321,0.8643361926078796
3896768873,0.7887199784114419,0.7564726767792171,Neutral,0.05481263995170593,0.2764146327972412,0.7690617442131042,0.6734693646430969,0.44897958636283875,0.16326530277729034,21124.673828125,0.9177618026733398,0.910980224609375,0.01855557853698467,0.008320701318013796,0.6161112882653061,0.5405373086734694,0.8773371288089539,0.8414226770401001,0.8242747187614441
3908875350,0.4826180038739933,0.45878276231081516,Neutral,0.035504553467035294,0.21545928716659546,0.7188162207603455,0.4693877398967743,0.34693875908851624,0.1428571343421936,17276.421875,0.9075748324394226,0.8430761694908142,0.011258639137108253,0.021029325846378406,0.6956114477040817,0.5397002551020408,0.775864538864854,0.7859741449356079,0.7300642728805542
3956341886,0.5589402911258738,0.37276665236586076,Hurt,0.045443013310432434,0.17655611038208008,0.6989852786064148,0.5102040767669678,0.2448979616165161,0.08163265138864517,16606.47265625,0.8772892355918884,0.8131486773490906,0.020456410556395934,0.014024703461861066,0.6834741709183674,0.5646723533163265,0.8261795066192336,0.7264788746833801,0.6853489875793457
4007045926,0.4674722192253749,0.6174496644295302,Rescue,0.05995043367147446,0.25694215297698975,0.7417892217636108,0.5510203838348389,0.36734694242477417,0.18367347121238708,17112.068359375,0.8819223642349243,0.8536337614059448,0.017635199625908,0.024580683848258116,0.6753228635204082,0.4965122767857143,0.7352220746643058,0.6533265709877014,0.621264636516571
4041216001,0.7160033519960165,0.6682815478575505,Neutral,0.029056623578071594,0.26662909984588623,0.778459906578064,0.8775510191917419,0.3877550959587097,0.06122449040412903,28923.548828125,0.9295789003372192,0.9121402502059937,0.018502107962299792,0.0056527864472256115,0.6656967474489796,0.6110092474489796,0.9178492305849949,0.8095100522041321,0.7943034172058105
4180455681,0.4259831171505044,0.5978979861825665,Rescue,0.01979062892496586,0.26937317848205566,0.7528402805328369,0.6326530575752258,0.4693877398967743,0.16326530277729034,16380.4208984375,0.9312543272972107,0.8490701913833618,0.015669305780237047,0.02944277398297506,0.6784119897959183,0.5005978954081632,0.7378965922444184,0.8212246894836426,0.7517603635787964
4303617148,0.8332396301849075,0.8316613924050633,Neutral,0.07433377951383591,0.22507458925247192,0.7428156137466431,0.7346938848495483,0.40816324949264526,0.0,24973.28125,0.9336142539978027,0.9226986169815063,0.010830748577442411,0.00399800419594952,0.6607940051020408,0.6028579400510204,0.9123235613463627,0.854226291179657,0.8418733477592468
4351373013,0.6901817866284872,0.6753750210685994,Neutral,0.005976289510726929,0.13401591777801514,0.664605438709259,0.3265306055545807,0.16326530277729034,0.06122449040412903,18783.220703125,0.877602756023407,0.7989458441734314,0.009960917864444724,0.007240298483422888,0.6735092474489796,0.5986328125,0.8888264188909274,0.7009820938110352,0.6440023183822632
4407899725,0.6522574308905514,0.5908871201624077,Neutral,0.022149652242660522,0.36236441135406494,0.7963064908981323,0.6938775181770325,0.5306122303009033,0.2857142686843872,15029.3505859375,0.9237250089645386,0.849153995513916,0.034172973100208476,0.033257029949106696,0.6375757334183674,0.45358338647959184,0.711418836547779,0.8277046084403992,0.758279025554657
4479260803,0.5323984297403396,0.5397681096602915,Neutral,0.004435516893863678,0.384952187538147,0.8114954829216003,0.795918345451355,0.5306122303009033,0.36734694242477417,14155.7822265625,0.9109407067298889,0.8529287576675415,0.04771607597057989,0.040164485710772205,0.6690250318877551,0.4382374043367347,0.6550388751526707,0.8565343618392944,0.7995303273200989
4543136011,0.6092522606304043,0.6028811472754368,Neutral,0.01578517258167267,0.4123513102531433,0.809877336025238,0.714285671710968,0.5918367505073547,0.36734694242477417,20421.037109375,0.952468991279602,0.9192648530006409,0.013809936939031797,0.015226365812988127,0.6186224489795918,0.5004982461734694,0.8090528350515463,0.9239563941955566,0.8804950714111328
4576746825,0.31067550186418325,0.407585730017671,Neutral,0.013316765427589417,0.4005109667778015,0.8113652467727661,0.8163264989852905,0.6122449040412903,0.34693875908851624,14115.1748046875,0.911560595035553,0.8363551497459412,0.02664871228098447,0.053673688245039215,0.6652782206632653,0.41013632015306123,0.6164884215571733,0.7611473202705383,0.6937395334243774
4646464908,0.6846529711553617,0.6867486551467663,Neutral,0.004713568836450577,0.21059268712997437,0.7297842502593994,0.6326530575752258,0.30612245202064514,0.040816325694322586,23708.0078125,0.9430643320083618,0.9248411059379578,0.009311294680844207,0.0027650852737393563,0.6643415178571429,0.6284677933673469,0.9460010799784003,0.8648548126220703,0.847567081451416
4657718822,0.771671878118555,0.8507837807647913,Neutral,0.007342688739299774,0.375125527381897,0.8121602535247803,0.795918345451355,0.6326530575752258,0.3265306055545807,22490.529296875,0.9444180727005005,0.9276441931724548,0.03808885360030449,0.01773027759665962,0.6252590880102041,0.5171795280612245,0.8271443597998278,0.8957217335700989,0.8869063258171082
4717096777,0.3690179128419927,0.4029355749655218,Neutral,0.02748403698205948,0.15257281064987183,0.713811457157135,0.5918367505073547,0.1428571343421936,0.0,27431.70703125,0.9231352806091309,0.8919861912727356,0.042545060784699336,0.010523359492637073,0.7005341198979592,0.6661750637755102,0.9509530583214792,0.7771834135055542,0.7469543218612671
4755507106,0.703376986748533,0.7361054268642057,Neutral,0.020938830450177193,0.3651425838470459,0.803608775138855,0.7755101919174194,0.6122449040412903,0.2857142686843872,20033.787109375,0.9692370891571045,0.9504928588867188,0.03224603633427415,0.015027953099603013,0.6021603954081632,0.4860889668367347,0.8072416760442179,0.9084581136703491,0.8859460949897766
4758950312,0.5005780581303368,0.5435625856502451,Neutral,0.024656565859913826,0.36154425144195557,0.7933081388473511,0.6530612111091614,0.5714285373687744,0.34693875908851624,17599.111328125,0.938008725643158,0.8909534811973572,0.008197861110649593,0.016933611276470237,0.6344467474489796,0.5021524234693877,0.7914808066846767,0.8867582082748413,0.8331952095031738
4767923306,0.7231585129291168,0.7425689530952689,Neutral,0.023067176342010498,0.3035012483596802,0.7875425219535828,0.7346938848495483,0.5510203838348389,0.12244898080825806,24894.15625,0.9091310501098633,0.9035161733627319,0.019447832330186803,0.00681352651187853,0.6315967793367347,0.5754544005102041,0.9111104098955539,0.8545592427253723,0.8542841076850891
4876943924,0.1463848071720333,0.13126468600122315,Neutral,0.028467582538723946,0.19288849830627441,0.7058752775192261,0.4897959232330322,0.2857142686843872,0.12244898080825806,16327.185546875,0.6844906210899353,0.6810767650604248,0.016495057538570848,0.015833520615271785,0.7098014987244898,0.602897799744898,0.8493893022602836,0.44075337052345276,0.4436957836151123
4938432980,0.565600493435545,0.5728010946191142,Neutral,0.02662132866680622,0.43089258670806885,0.8528141975402832,0.9387754797935486,0.7551020383834839,0.40816324949264526,27119.841796875,0.9052614569664001,0.9002195596694946,0.0148266235683252,0.007135855925610273,0.6458266900510204,0.5927335778061225,0.9177904644345009,0.9087120294570923,0.9030694961547852
4957886467,0.6700653207749672,0.6922625432613492,Neutral,0.023830471560359,0.30975884199142456,0.7842592597007751,0.7551020383834839,0.5102040767669678,0.22448979318141937,21836.427734375,0.9778395295143127,0.9587893486022949,0.031132917941778582,0.010545556395346378,0.6405452806122449,0.5347177933673469,0.8347853142501556,0.9191856384277344,0.8978816270828247
4965189170,0.4425010022420526,0.46252957736748473,Neutral,0.03709493204951286,0.3981276750564575,0.8039061427116394,0.714285671710968,0.5918367505073547,0.40816324949264526,20312.953125,0.9372223019599915,0.9035133719444275,0.033106169801968836,0.028105924762545646,0.6717155612244898,0.5010762117346939,0.7459648706384998,0.9006701707839966,0.8565421104431152
5006362787,0.8379325795313777,0.6615475014022061,Neutral,0.0033196555450558662,0.3375779986381531,0.7793304920196533,0.6530612111091614,0.4693877398967743,0.2857142686843872,17899.357421875,0.91258704662323,0.871340811252594,0.05065410516643603,0.03131319458127255,0.6730707908163265,0.4890186543367347,0.7265486201587114,0.8367542028427124,0.7999325394630432
5130986168,0.6306124491293615,0.6378359876053902,Neutral,0.006344950757920742,0.1528642177581787,0.6791000962257385,0.3877550959587097,0.18367347121238708,0.08163265138864517,19071.275390625,0.9033975601196289,0.8411694169044495,0.03189326384964191,0.006712858372936888,0.6480189732142857,0.5794403698979592,0.8941719206520068,0.6806799173355103,0.6318157911300659
5179649119,0.5769957452945843,0.565644430735263,Neutral,0.035336799919605255,0.15541702508926392,0.6851570010185242,0.3877550959587097,0.18367347121238708,0.06122449040412903,18643.5234375,0.9213894605636597,0.8587299585342407,0.01761169962443227,0.011666169056507152,0.6822385204081632,0.5763512436224489,0.8447943444730077,0.6445964574813843,0.6072880029678345
5194793239,0.3989592985957659,0.5026312480916716,Rescue,0.0092200618237257,0.2950112223625183,0.7569190859794617,0.6326530575752258,0.40816324949264526,0.18367347121238708,21915.189453125,0.9509212374687195,0.9197221994400024,0.03578473178216035,0.019322790659205398,0.6585220025510204,0.5254504145408163,0.797923854488227,0.8123360872268677,0.7887735366821289
5220919991,0.7159474671669793,0.6835482388559998,Neutral,0.0016220156103372574,0.296619176864624,0.7826067209243774,0.7755101919174194,0.5102040767669678,0.1428571343421936,25605.681640625,0.9589197635650635,0.9456526637077332,0.00850543527392129,0.0071610112529928915,0.6819794323979592,0.605110012755102,0.8872848417545807,0.8993861079216003,0.8914364576339722
5237296528,0.4086497774358411,0.39481739322614506,Neutral,0.029404640197753906,0.15255612134933472,0.696351945400238,0.5102040767669678,0.20408162474632263,0.0,24750.64453125,0.9231738448143005,0.8925721645355225,0.010335649139508856,0.0017703945550390432,0.6893335459183674,0.6632852359693877,0.9622123279750201,0.8230851292610168,0.7956109046936035
5303633386,0.5395654886834194,0.6088488770704514,Neutral,0.06850740313529968,0.1626526117324829,0.6989421248435974,0.5102040767669678,0.18367347121238708,0.040816325694322586,23489.3671875,0.9055612683296204,0.8700264096260071,0.02575468811466957,0.008861341525773931,0.7023875956632653,0.6134207589285714,0.8733365491019494,0.7790273427963257,0.7487899661064148
5344317532,0.5913752753303965,0.6052269601100413,Neutral,0.04937164857983589,0.2517373561859131,0.7566582560539246,0.6938775181770325,0.4693877398967743,0.040816325694322586,24445.400390625,0.9685723185539246,0.956376850605011,0.00765437258177415,0.006037540096734506,0.6482182716836735,0.5914182079081632,0.9123750960799384,0.877740740776062,0.8710340261459351
5480070309,0.4175713576403333,0.4562275492999047,Neutral,0.031153647229075432,0.37847578525543213,0.8122475743293762,0.7755101919174194,0.714285671710968,0.22448979318141937,26726.60546875,0.9383575320243835,0.9333024024963379,0.013024262477552952,0.012417259394436456,0.6795280612244898,0.5819714604591837,0.8564347724073205,0.8983587026596069,0.8822734951972961
5490101320,0.7433691639698827,0.6632358458251097,Neutral,0.04976886510848999,0.19176220893859863,0.7248802781105042,0.6122449040412903,0.26530611515045166,0.040816325694322586,18613.939453125,0.9214279651641846,0.8847633004188538,0.05597370839555789,0.01712508192813115,0.6508888711734694,0.4999402104591837,0.7680884289169907,0.7461135983467102,0.7245551943778992
5601291878,0.5996876538389719,0.6119253053975998,Neutral,0.00927683338522911,0.17152053117752075,0.7095911502838135,0.5102040767669678,0.34693875908851624,0.020408162847161293,24505.9609375,0.9700823426246643,0.9474804997444153,0.0053615576207543285,0.006647419649192494,0.6874601403061225,0.6100326849489796,0.8873717168203165,0.8240362405776978,0.7984169125556946
5607310495,0.8431300770491231,0.8680156233047629,Neutral,0.07104136049747467,0.22062426805496216,0.7231747508049011,0.5510203838348389,0.36734694242477417,0.1428571343421936,21505.48828125,0.9451605081558228,0.9168189764022827,0.02558084308946389,0.005796029893180624,0.6505301339285714,0.6100127551020408,0.9377163689837934,0.8562978506088257,0.8307489156723022
5697766486,0.4247604760759118,0.4089428339920295,Neutral,0.01692979410290718,0.29189056158065796,0.7412091493606567,0.5102040767669678,0.34693875908851624,0.26530611515045166,17302.35546875,0.8734689950942993,0.8188437819480896,0.03196385030527554,0.019829697347619354,0.6613520408163265,0.5214445153061225,0.7884522661523626,0.6487666368484497,0.6008232831954956
5801923729,0.5993608452019612,0.6343467031770234,Neutral,0.011103400029242039,0.1926971673965454,0.7108961343765259,0.4897959232330322,0.26530611515045166,0.12244898080825806,22162.990234375,0.903664767742157,0.8585415482521057,0.01988780527046842,0.005350653493271591,0.6734295280612245,0.6206552933673469,0.9216336194140279,0.8213859796524048,0.785057544708252
5873098388,0.8852559768914019,0.8568365963618021,Neutral,0.014242541044950485,0.3445453643798828,0.7935428619384766,0.7346938848495483,0.6122449040412903,0.26530611515045166,24103.275390625,0.9677343368530273,0.9498969912528992,0.04146628803181577,0.013891743088984379,0.6553930165816326,0.5484494579081632,0.8368253002888855,0.8936389684677124,0.8806380033493042
5906878321,0.47398159241912646,0.502317027254033,Rescue,0.005338223651051521,0.2958980202674866,0.7762950658798218,0.714285671710968,0.5510203838348389,0.18367347121238708,27732.078125,0.939080536365509,0.9234604239463806,0.027361413334538964,0.007087633812241785,0.6915856186224489,0.6228077168367347,0.9005504164145127,0.8912398219108582,0.8745979070663452
5991393107,0.635386059667646,0.5703437301905587,Neutral,0.0066585056483745575,0.2734747529029846,0.7538077235221863,0.6122449040412903,0.4693877398967743,0.12244898080825806,22061.740234375,0.9441099762916565,0.9137169718742371,0.018153787815951467,0.020689963845744425,0.6878188775510204,0.5512794961734694,0.8014893370421882,0.8425933122634888,0.8210790753364563
6067281197,0.6460954462449854,0.6801093406688465,Neutral,0.014977414160966873,0.31090372800827026,0.77618408203125,0.6938775181770325,0.4693877398967743,0.18367347121238708,18440.185546875,0.9475563764572144,0.9194580912590027,0.05317380777619413,0.02677831230423287,0.6654177295918368,0.5027303890306123,0.7555109620222835,0.8378322720527649,0.8088285326957703
6098668510,0.7214334798449311,0.676174703330094,Neutral,0.05141275376081467,0.1668229103088379,0.6857908368110657,0.40816324949264526,0.2857142686843872,0.040816325694322586,19688.423828125,0.8751500248908997,0.799247145652771,0.030698618457813156,0.013052236794051125,0.7040617028061225,0.6036551339285714,0.8573895320859399,0.729045033454895,0.6630236506462097
6158154336,0.9129059688800704,0.9245146043465501,Neutral,0.009620726108551025,0.19090688228607178,0.711693286895752,0.44897958636283875,0.18367347121238708,0.1428571343421936,24644.287109375,0.9188493490219116,0.8798275589942932,0.036098339730900146,0.010934112543128816,0.6532804528061225,0.5678411989795918,0.8692150462186156,0.7082042098045349,0.6834677457809448
6185482260,0.844223693892568,0.8080015026296018,Neutral,0.029437266290187836,0.14766967296600342,0.6829245090484619,0.34693875908851624,0.20408162474632263,0.040816325694322586,24936.552734375,0.818076491355896,0.7979621291160583,0.005661701927622638,0.006121604619317194,0.7034638073979592,0.6460658482142857,0.9184066634558177,0.7090703248977661,0.7039163708686829
6289328021,0.5227598737687673,0.5724831729029456,Neutral,0.0408395379781723,0.18947964906692505,0.6894479990005493,0.4285714328289032,0.2448979616165161,0.16326530277729034,19616.67578125,0.8094087839126587,0.7794479131698608,0.02751383623651303,0.014067083409401831,0.6701211734693877,0.5608458227040817,0.8369319533666429,0.5169000029563904,0.4970436990261078
6458319057,0.5364019782592323,0.6237368241037281,Neutral,0.05685362592339516,0.22616803646087646,0.7198870182037354,0.44897958636283875,0.30612245202064514,0.16326530277729034,20346.3828125,0.9016425609588623,0.8192521333694458,0.01486693961034418,0.015288319236498319,0.7152822066326531,0.6003467793367347,0.8393145723042631,0.8347091674804688,0.77044677734375
6669466181,0.627142427583442,0.48864484696082666,Hurt,0.044339682906866074,0.42808640003204346,0.8203967809677124,0.7755101919174194,0.5510203838348389,0.40816324949264526,12013.341796875,0.8684616088867188,0.7488371729850769,0.05171701374710472,0.03282510444551744,0.6621293048469388,0.4673549107142857,0.705836318213286,0.6452420949935913,0.5574515461921692
6755812421,0.8374083793321871,0.8476438670530348,Neutral,0.005777440033853054,0.40122127532958984,0.8017194867134094,0.6734693646430969,0.5918367505073547,0.34693875908851624,19293.02734375,0.9489198327064514,0.9186422228813171,0.01941145237635706,0.012183252054730653,0.5999481823979592,0.49806680484693877,0.8301830382353917,0.8888858556747437,0.8530861735343933
6897499873,0.5280699831981883,0.5863545123100242,Neutral,0.04061642289161682,0.23533368110656738,0.735261082649231,0.5918367505073547,0.40816324949264526,0.1428571343421936,22281.46484375,0.9337091445922852,0.9083935618400574,0.010472620458878793,0.003628137980541216,0.6650988520408163,0.6165098852040817,0.9269447440968478,0.8803907632827759,0.8562765121459961
7178293884,0.7323633818309084,0.7306426016722328,Neutral,0.04319531470537186,0.2487831711769104,0.7617640495300293,0.6938775181770325,0.4897959232330322,0.0,27131.0703125,0.9416435956954956,0.9393755793571472,0.017938251713034814,0.0036358957864914094,0.6804846938775511,0.6996970663265306,1.0282333645735706,0.8571349382400513,0.8528960943222046
7387939334,0.6318710004624174,0.6353801477558267,Neutral,0.012322710826992989,0.23997539281845093,0.7509018182754517,0.7551020383834839,0.40816324949264526,0.08163265138864517,25729.880859375,0.9341857433319092,0.9248879551887512,0.007680993852960548,0.004717332062202142,0.6771564094387755,0.6270328443877551,0.9259793389645936,0.8335168957710266,0.8293828964233398
7560517176,0.6217388226131898,0.6305982651427721,Neutral,0.0323304757475853,0.4172969460487366,0.8237387537956238,0.7755101919174194,0.6734693646430969,0.40816324949264526,24576.73828125,0.9615668058395386,0.9490841031074524,0.009715118571905344,0.009771379165595253,0.6456273915816326,0.5610052614795918,0.86893039049236,0.9237462878227234,0.908333957195282
7623513024,0.38753123825110025,0.6004321135841422,Rescue,0.002432591747492552,0.43887078762054443,0.8206818103790283,0.7755101919174194,0.5918367505073547,0.4285714328289032,12445.3505859375,0.859971284866333,0.7743054628372192,0.03751342209123455,0.030319117850492405,0.6337492028061225,0.4324976084183674,0.6824428441145949,0.6885406970977783,0.6203987002372742
7733838448,0.6564827876358057,0.6279889713058755,Neutral,0.05268938094377518,0.18761605024337769,0.7285062074661255,0.7346938848495483,0.2857142686843872,0.0,28699.64453125,0.91595858335495,0.8993585705757141,0.01319320189272639,0.003264746586546288,0.6992386798469388,0.6787308673469388,0.970671227020094,0.8190858960151672,0.8037460446357727
7740990330,0.6935671961674231,0.7011749557379687,Neutral,0.0431893989443779,0.3023695945739746,0.7765005230903625,0.7346938848495483,0.4897959232330322,0.20408162474632263,25085.94140625,0.9584838151931763,0.9508972764015198,0.0181595907813847,0.006546638999189655,0.6829360650510204,0.6074617346938775,0.8894855108413342,0.9143097996711731,0.9012998342514038
7897462346,0.8840427514016159,0.8434883443324637,Neutral,0.0080652367323637,0.3738539218902588,0.8021219968795776,0.7551020383834839,0.5918367505073547,0.3265306055545807,22450.95703125,0.956342339515686,0.9448057413101196,0.019158803642587378,0.007897508109201763,0.6131018813775511,0.5407565369897959,0.8820011052238077,0.8946523666381836,0.8880189657211304
8250285374,0.8516992790937178,0.8212169629185807,Neutral,0.00532583799213171,0.1374654769897461,0.6740010976791382,0.36734694242477417,0.1428571343421936,0.020408162847161293,23292.974609375,0.9006718397140503,0.8980224132537842,0.014045934057933473,0.0045888610582097925,0.6408242984693877,0.6263751594387755,0.9774522609939666,0.7194845676422119,0.7198091149330139
8294094053,0.8673773344936073,0.8976690148637185,Neutral,0.02824326790869236,0.20830124616622925,0.7116333246231079,0.4897959232330322,0.26530611515045166,0.10204081237316132,20184.482421875,0.9291656613349915,0.8879759311676025,0.03161389080671854,0.009657673857785088,0.6612723214285714,0.5662866709183674,0.8563592525617842,0.7449517250061035,0.7146347761154175
8311669586,0.5221357957932976,0.44002593473092716,Hurt,0.012789521366357803,0.26315081119537354,0.7330431342124939,0.5714285373687744,0.36734694242477417,0.16326530277729034,21946.837890625,0.9510626792907715,0.9217842817306519,0.025676378739116684,0.014662952233139459,0.6684669961734694,0.559211575255102,0.8365582421513967,0.8000265955924988,0.7701238989830017
8396975855,0.43516493005584017,0.5243241340467474,Rescue,0.041413046419620514,0.16731727123260498,0.6932381987571716,0.4285714328289032,0.20408162474632263,0.06122449040412903,20425.40625,0.8509548306465149,0.8031807541847229,0.03231778296105904,0.010689267772668154,0.6996771364795918,0.5995695153061225,0.8569231207451505,0.7662721872329712,0.7179754376411438
9060997789,0.7066328862653938,0.7530123108675746,Neutral,0.019966408610343933,0.3299751877784729,0.780807614326477,0.6938775181770325,0.44897958636283875,0.2448979616165161,22286.458984375,0.8717669248580933,0.8667205572128296,0.03902085404514311,0.02410278361958763,0.6714166135204082,0.5290776466836735,0.7880020184629999,0.7908599376678467,0.7726434469223022
9309351423,0.5056439118474721,0.5231750201245604,Neutral,0.055729106068611145,0.34183090925216675,0.7849024534225464,0.6734693646430969,0.4897959232330322,0.2857142686843872,15879.755859375,0.8753921389579773,0.8132964968681335,0.031208122601937033,0.029809184236929364,0.6778738839285714,0.5044642857142857,0.7441860465116279,0.6674659848213196,0.6141238212585449
9456627660,0.7045719250892015,0.6807046468701278,Neutral,0.022173255681991577,0.20485377311706543,0.7385376691818237,0.6326530575752258,0.30612245202064514,0.0,21906.10546875,0.9203581213951111,0.8909904956817627,0.006482277029798932,0.0025112700969912418,0.609375,0.6092354910714286,0.9997710622710623,0.8569418787956238,0.835087776184082
9636000842,0.7553637073945512,0.6662825443192325,Neutral,0.04519576579332352,0.21987313032150269,0.7222447395324707,0.5102040767669678,0.30612245202064514,0.1428571343421936,21103.3984375,0.8828946352005005,0.8159887194633484,0.03050587567882458,0.013674086452157067,0.7106584821428571,0.6046316964285714,0.850804868472713,0.8421425819396973,0.7785457372665405
9761803312,0.6226318973477251,0.588174982911825,Neutral,0.044152259826660156,0.1880732774734497,0.7237088084220886,0.6122449040412903,0.30612245202064514,0.0,23860.796875,0.9324807524681091,0.918207049369812,0.030100421580786775,0.00968558830429465,0.6626076211734694,0.5748764349489796,0.8675970764279484,0.8148812055587769,0.8033959269523621
