dataset,outcome,feature,count,mean,median,std
vggss_144k,Rescue,semantic_margin,355,0.027010883032803384,0.01862923800945282,0.02615777632158557
vggss_144k,Rescue,ownership_confidence,355,0.5368221744685105,0.548943042755127,0.12806913263416425
vggss_144k,Rescue,eval_soft_containment,355,12288.436178202024,11872.6240234375,3421.7325405127954
vggss_144k,Rescue,eval_seed_top10,355,0.8393565317274819,0.8479681015014648,0.06715495647354723
vggss_144k,Rescue,eval_seed_top20,355,0.7433350018212493,0.7524294257164001,0.08977129470498796
vggss_144k,Rescue,raw_seed_top10,355,0.37532187160891545,0.35720306634902954,0.17137770795117654
vggss_144k,Rescue,raw_seed_top20,355,0.33411395857241794,0.3209841847419739,0.155310723090544
vggss_144k,Rescue,centroid_distance,355,0.04019275043985059,0.03323270817290709,0.026675179320995834
vggss_144k,Rescue,js_divergence,355,0.04066615407616956,0.03960662196686546,0.01860771538879402
vggss_144k,Rescue,extent_ratio,355,0.6650440125120791,0.6596426519938325,0.10012169629495654
vggss_144k,Hurt,semantic_margin,567,0.028085165193084318,0.021944433450698853,0.02399140204409476
vggss_144k,Hurt,ownership_confidence,567,0.5414802857807705,0.5436750650405884,0.12380989762577452
vggss_144k,Hurt,eval_soft_containment,567,11561.127713534777,11296.7958984375,2960.130640695536
vggss_144k,Hurt,eval_seed_top10,567,0.8180951298439524,0.8248444199562073,0.07092489446351326
vggss_144k,Hurt,eval_seed_top20,567,0.7166748854218337,0.7167003750801086,0.08895594163224337
vggss_144k,Hurt,raw_seed_top10,567,0.37589412840244213,0.3578992187976837,0.1760950373338337
vggss_144k,Hurt,raw_seed_top20,567,0.3317305401979405,0.3130701780319214,0.15785161589610455
vggss_144k,Hurt,centroid_distance,567,0.043458287281594773,0.04065704237189362,0.02308245652882828
vggss_144k,Hurt,js_divergence,567,0.041499934698778676,0.039560179452434355,0.020088777961453877
vggss_144k,Hurt,extent_ratio,567,0.6677209907919377,0.6622174258775418,0.1119435645781255
vggss_144k,Neutral,semantic_margin,4236,0.027339416389929382,0.021018927916884422,0.023884070288419237
vggss_144k,Neutral,ownership_confidence,4236,0.5036539461699379,0.5068829655647278,0.13723324185708352
vggss_144k,Neutral,eval_soft_containment,4236,13298.349007668643,12964.35791015625,3756.3965079798854
vggss_144k,Neutral,eval_seed_top10,4236,0.8352757944981369,0.8439058661460876,0.07110348965050382
vggss_144k,Neutral,eval_seed_top20,4236,0.7515241585186453,0.759712427854538,0.08744556406041804
vggss_144k,Neutral,raw_seed_top10,4236,0.35949224329881574,0.3380867689847946,0.1673704361943156
vggss_144k,Neutral,raw_seed_top20,4236,0.32498106243470515,0.302654504776001,0.152817584203165
vggss_144k,Neutral,centroid_distance,4236,0.037108951256491766,0.032218703305100405,0.023840443580862798
vggss_144k,Neutral,js_divergence,4236,0.03451147216550412,0.031496426821744035,0.01883111742780904
vggss_144k,Neutral,extent_ratio,4236,0.7033829931296077,0.7071845144786024,0.11112928814878688
flickr_144k,Rescue,semantic_margin,11,0.02173348655924201,0.012296393513679504,0.019470934232937446
flickr_144k,Rescue,ownership_confidence,11,0.29823691736568103,0.2958980202674866,0.06361110868292046
flickr_144k,Rescue,eval_soft_containment,11,19124.339222301136,17450.54296875,4857.585722816338
flickr_144k,Rescue,eval_seed_top10,11,0.9014482714913108,0.90234375,0.04253516126591892
flickr_144k,Rescue,eval_seed_top20,11,0.8513420495119962,0.8536337614059448,0.06133139661800217
flickr_144k,Rescue,raw_seed_top10,11,0.7668538689613342,0.7662721872329712,0.0797295872194837
flickr_144k,Rescue,raw_seed_top20,11,0.7238482995466753,0.7179754376411438,0.09231183449639484
flickr_144k,Rescue,centroid_distance,11,0.029908931271000125,0.03231778296105904,0.007823178546862009
flickr_144k,Rescue,js_divergence,11,0.021196523068056305,0.019322790659205398,0.010747584500950097
flickr_144k,Rescue,extent_ratio,11,0.7881277088394602,0.7965159267693945,0.07759739710432133
flickr_144k,Hurt,semantic_margin,5,0.03977008908987045,0.044339682906866074,0.02201011104810323
flickr_144k,Hurt,ownership_confidence,5,0.2505569577217102,0.24719351530075073,0.09987726430336699
flickr_144k,Hurt,eval_soft_containment,5,16727.179296875,16606.47265625,3173.001424551523
flickr_144k,Hurt,eval_seed_top10,5,0.8426726222038269,0.8684616088867188,0.08777960144998997
flickr_144k,Hurt,eval_seed_top20,5,0.7808948397636414,0.767149031162262,0.08754680105732028
flickr_144k,Hurt,raw_seed_top10,5,0.6810362696647644,0.6452420949935913,0.07180417312677301
flickr_144k,Hurt,raw_seed_top20,5,0.6340162277221679,0.594847559928894,0.08209578671845373
flickr_144k,Hurt,centroid_distance,5,0.035952092453785285,0.039114312802316614,0.011411245708833258
flickr_144k,Hurt,js_divergence,5,0.01951927580277969,0.015898907722923815,0.006990982032992346
flickr_144k,Hurt,extent_ratio,5,0.8106131450320191,0.8261795066192336,0.06305771059343743
flickr_144k,Neutral,semantic_margin,234,0.028404859020016514,0.024775500409305096,0.01992001999732099
flickr_144k,Neutral,ownership_confidence,234,0.25974385504029757,0.24686408042907715,0.092668448665932
flickr_144k,Neutral,eval_soft_containment,234,21270.98053135016,21114.1328125,3894.509548723896
flickr_144k,Neutral,eval_seed_top10,234,0.9140392786417252,0.9231545627117157,0.047594841137804156
flickr_144k,Neutral,eval_seed_top20,234,0.8829898123557751,0.8970047533512115,0.05553369197454765
flickr_144k,Neutral,raw_seed_top10,234,0.7925110311589689,0.8180510699748993,0.10957377552681585
flickr_144k,Neutral,raw_seed_top20,234,0.76653712707707,0.7880294919013977,0.11144608573521522
flickr_144k,Neutral,centroid_distance,234,0.024524904870528087,0.02186854657511264,0.01539099124456953
flickr_144k,Neutral,js_divergence,234,0.0148510058320059,0.011706095971965993,0.011427140738803266
flickr_144k,Neutral,extent_ratio,234,0.8424709337350024,0.8526673197940091,0.08662959305535588
