sample_id,IoU_ORIGINAL_AUD,IoU_T2_CHUNK1,IoU_T2_CHUNK2,IoU_T2_RAW_MEAN,IoU_T2_RAW_GEO,IoU_T2_NORM_MEAN,IoU_T2_NORM_GEO,IoU_T4_CHUNK1,IoU_T4_CHUNK2,IoU_T4_CHUNK3,IoU_T4_CHUNK4,IoU_T4_RAW_MEAN,IoU_T4_RAW_GEO,IoU_T4_NORM_MEAN,IoU_T4_NORM_GEO,IoU_OGL_REFERENCE,original_pred_area,gt_area,is_over_expansion,T2_map_pearson,T2_map_spearman,T2_map_js_divergence,T4_map_pearson,T4_map_spearman,T4_map_js_divergence,delta_T2_RAW_MEAN,delta_T2_RAW_GEO,delta_T4_RAW_MEAN,delta_T4_RAW_GEO,delta_OGL
10000130166,0.7799756972899652,0.7428389560789306,0.7881405563689605,0.7645734335285667,0.7644881498259765,0.76514921038803,0.7665336215976495,0.7419504193454507,0.7652272664321524,0.7790772375529275,0.7818368335565498,0.7669644343339067,0.7667979257369457,0.7684100709417165,0.769112936916864,0.7098819277859123,33429,35334,False,0.9880284018354779,0.9889504259337472,1.3362172510552228e-05,0.9922250772421318,0.9920269240066194,1.0097182983614441e-05,-0.015402263761398527,-0.015487547463988727,-0.013011262956058478,-0.013177771553019468,-0.07009376950405288
10007936344,0.643244233840354,0.6410822533444817,0.6475239448479108,0.6441642197986577,0.6441642197986577,0.6441135606993997,0.6441042311120432,0.6470075767575701,0.6362162442605515,0.6447640484727929,0.6555873465786025,0.6453690075693861,0.645335085413929,0.6454445087009095,0.6455463245346513,0.7530049229588901,38630,26354,True,0.9992496437792914,0.9987520818557802,1.099591301059749e-06,0.9978185743748204,0.9960474623273754,3.1169829033975997e-06,0.0009199859583036707,0.0009199859583036707,0.002124773729032081,0.0020908515735750255,0.10976068911853609
10008553263,0.3685962111857362,0.372587340544799,0.3661954923321629,0.36927877947295423,0.36927877947295423,0.3692637037930411,0.36927483793155436,0.3670269628221879,0.37976489562978816,0.3724385878286631,0.3589316484778863,0.3688588588588589,0.3688888888888889,0.3688364694937127,0.36886427091776997,0.4255714624693506,37608,21279,True,0.9986144624656669,0.9986739873614421,9.068687327129504e-07,0.9944111684699677,0.994611214263136,4.378635964740501e-06,0.0006825682872180217,0.0006825682872180217,0.00026264767312267345,0.00029267770315266617,0.056975251283614414
10009662863,0.6527465584486593,0.6547937508397768,0.6526324742706473,0.6533227944305953,0.6533386839833157,0.6532592439478132,0.6533227944305953,0.6556313282809114,0.6557242862204196,0.6541162153939762,0.6504655696417112,0.6532041384508772,0.6532041384508772,0.6532284536734222,0.6532041384508772,0.674903692567885,43918,30373,True,0.9972661898237118,0.9951820478288934,3.621792979320755e-06,0.9978277757885506,0.9957534126497142,3.106958042446841e-06,0.000576235981936013,0.0005921255346564847,0.000457580002217961,0.000457580002217961,0.022157134119225708
10013411946,0.5230990753430599,0.5245571028703558,0.5212564169494475,0.5232074848268786,0.5231892878880098,0.5232802852421949,0.5233348988502148,0.5710679797303757,0.5170861924399801,0.5054506371871641,0.5377827691320392,0.5305523641184269,0.5305314504869125,0.5314741035856574,0.5321148084457603,0.6056909722944984,29605,23205,True,0.9990226132090684,0.998790332220354,1.8952995913770645e-06,0.9954191085069183,0.9950000929696361,4.059847179817586e-06,0.00010840948381873883,9.021254494989694e-05,0.007453288775366995,0.007432375143852643,0.08259189695143854
10016382545,0.6273317650177264,0.6174839657936932,0.6279485228438151,0.6236834235970362,0.6236834235970362,0.6237041467304625,0.6236044657097288,0.6149900727994706,0.6199229867738155,0.6270148611524841,0.6318809987136779,0.6241011366272327,0.624117822471091,0.6239479090728345,0.6239395546129375,0.6365752715985514,29367,25760,True,0.9982568994203918,0.997913761365538,1.6403816605285574e-06,0.9980582470337017,0.9976749622144837,4.518655099285755e-06,-0.0036483414206901488,-0.0036483414206901488,-0.003230628390493706,-0.0032139425466353178,0.009243506580825067
10031203703,0.8400152418279306,0.8417407427605388,0.8384968367319232,0.840282502789647,0.8402367669070622,0.840191036002939,0.8402095523200436,0.8544415993697065,0.8396900910697295,0.8306276038166913,0.8431756017505471,0.8433772927919283,0.8433748149772491,0.8425806804806614,0.8428727920032864,0.8394592499850951,37168,33335,True,0.998888987211887,0.9983982659834727,3.334456290570776e-06,0.993374991484259,0.9872010030095599,1.5492742348616216e-05,0.0002672609617163646,0.00022152507913153485,0.003362050963997665,0.003359573149318451,-0.0005559918428355015
10035917404,0.681939433971851,0.6749288395173682,0.6952872821174951,0.6856778472133657,0.6855904106095384,0.6849496622913215,0.6848571355746438,0.6588378737868861,0.6878013129551749,0.675161412837068,0.7156671327933299,0.6850048437261,0.6850369615090492,0.6836077672867941,0.6838727749624386,0.6950018557466288,35474,32919,True,0.9932894090166089,0.9915562320203365,6.827888876304641e-06,0.9863343292535581,0.9833013896182573,1.2521701877517163e-05,0.003738413241514693,0.003650976637687431,0.003065409754249071,0.0030975275371982747,0.013062421774777788
10045181004,0.6421705522040332,0.6383444584670124,0.6213125750744894,0.634691580716279,0.6346299122766447,0.6344686165374119,0.6341079772387311,0.5943859749063617,0.634274478017442,0.6106938788150947,0.6326101515411092,0.6249867510561301,0.6249034778263963,0.6250662627792503,0.6250094698404521,0.6487230800301099,29058,26131,True,0.9940833563124186,0.9933109674951589,6.784868797215615e-06,0.9956800857450885,0.9949894678683656,4.9445925915182545e-06,-0.007478971487754227,-0.007540639927388515,-0.017183801147903077,-0.01726707437763686,0.006552527826076737
10060697266,0.86928011404134,0.8667398952512855,0.868904800290831,0.8693236829992222,0.8693236829992222,0.8692960876120943,0.8693236829992222,0.8666825813638895,0.8719787980258042,0.8657763945567429,0.8688900485475276,0.8698559425676212,0.8699712529580865,0.8698248344423446,0.8699077235836921,0.7931000313785074,30365,30730,False,0.9990774352354251,0.9989815840432229,2.936423927559764e-06,0.9986161794755241,0.9986405182924399,8.333727205986517e-06,4.3568957882267334e-05,4.3568957882267334e-05,0.0005758285262812413,0.0006911389167465476,-0.0761800826628326
10061269855,0.6964758159998831,0.7012486308871851,0.6918569821300721,0.695314896787483,0.6952856788067376,0.6952418518356196,0.6961977241852788,0.6985628444860305,0.7125674476780546,0.6915658783537342,0.7113620118740245,0.7017902216256438,0.7018485825588351,0.7018485825588351,0.7034757369349922,0.6385591238894001,25233,34179,False,0.9991495769537084,0.9990469284160365,1.6038692332968093e-06,0.9981169942442687,0.9978941049281875,4.409227881969624e-06,-0.0011609192124000245,-0.001190137193145424,0.0053144056257606875,0.005372766558952025,-0.057916692110483003
10067897816,0.3571332926665972,0.36385963326251713,0.35118161312674145,0.357965980411157,0.3579553077622576,0.3577698624420632,0.357801857123694,0.3639909544840565,0.37201740325166016,0.3504103530668883,0.3544712808179766,0.360824896887889,0.3607924296276301,0.36045273967468705,0.3603760289068474,0.43793823261788795,34047,14155,True,0.9963156451850181,0.9944441345456574,3.24357926402948e-06,0.9958112230416575,0.9941054594426603,3.3245683442030552e-06,0.0008326877445598013,0.0008220150956603778,0.0036916042212917777,0.0036591369610328717,0.08080493995129073
10069511285,0.8027168069650958,0.8064939541790411,0.8002270591919824,0.8040364411911846,0.8040364411911846,0.8039197620238503,0.8040255910694539,0.8073781326001903,0.79760858565684,0.8002022459949971,0.7980806690387762,0.800821599344834,0.8008004438104296,0.8007579358791528,0.8007158328490676,0.7828845602979089,38701,34022,True,0.9966823023537974,0.9915227629513343,5.857905873723969e-06,0.9963815769936734,0.9921307843715385,7.368518226311973e-06,0.0013196342260887173,0.0013196342260887173,-0.0018952076202618517,-0.0019163631546662563,-0.01983224666718697
10079676496,0.7591026527932685,0.7595486965941224,0.7596021704943117,0.7596804020384251,0.7596375082929859,0.7597007551697368,0.7597222026170546,0.7651299483039444,0.753501675476354,0.7615232738171333,0.7566150245992923,0.7592286734708282,0.7592569065063031,0.7593703677560528,0.7594493469819978,0.8400559139060579,38453,32175,True,0.9971222798159877,0.9930575588298576,7.988706357303654e-06,0.9960360569696904,0.9923759585833553,6.057078177747695e-06,0.0005777492451566335,0.0005348554997174348,0.000126020677559735,0.00015425371303456892,0.08095326111278944
10080652613,0.8630861423220973,0.8593404623932135,0.8645218329487218,0.8626893372448063,0.8626784805579669,0.8625751997845021,0.8626010176593835,0.8623809665074609,0.8543571449983512,0.8630645829633576,0.863982655304285,0.8625738850080602,0.8626458911674278,0.8627673557175289,0.8629862956438659,0.8060779371849555,33575,31354,True,0.9988731685365543,0.9977480097857183,2.459830620597542e-06,0.9985054239962682,0.9973572716864957,1.3779051993531615e-05,-0.000396805077291007,-0.0004076617641304292,-0.0005122573140371456,-0.00044025115466950204,-0.05700820513714189
10106776154,0.6832728927374764,0.6852246920377125,0.6784891182843185,0.6819366134079599,0.6822022800270184,0.6820268239899652,0.6819403664033745,0.699974509304104,0.6698114514497874,0.6743609969416421,0.6719996681278261,0.6850944620012972,0.6858226974818903,0.6879008123129543,0.687088810118202,0.7442888936750665,28781,35973,False,0.9977652348536131,0.9973543497836463,6.097840631830577e-06,0.9833977911656603,0.9838989871622214,1.9857828877679986e-05,-0.001336279329516521,-0.001070612710457941,0.0018215692638208214,0.0025498047444139083,0.061016000937590076
10109936483,0.5154831567294006,0.5145517676767677,0.5200236135043717,0.5160187412941624,0.5160187412941624,0.5160187412941624,0.5160514151839423,0.5115775602409639,0.5167311596041614,0.5160677536805446,0.5181517627237181,0.5158885899667669,0.5158396101019052,0.5158885899667669,0.5143087019625165,0.5787224669603525,33231,17946,True,0.9982335965673751,0.9939871199815594,2.0033595471913643e-06,0.9984460422319156,0.9951360942658986,3.6155467616126865e-06,0.0005355845647617707,0.0005355845647617707,0.0004054332373663039,0.00035645337250456155,0.06323931023095186
10110769444,0.6744996400287977,0.6804680728113262,0.652547897063825,0.6658657971511928,0.6658515658515658,0.6665855891947576,0.6665092584642683,0.6836965998256321,0.6534946691487561,0.6501059771089445,0.652915166803662,0.6591083563162833,0.6590708782304608,0.6595653905227828,0.6595744680851063,0.7163165291340853,35554,26768,True,0.9928534552462697,0.991247041573365,1.3316964787557766e-05,0.995641519088695,0.9945036351127722,8.333447039583578e-06,-0.008633842877604936,-0.008648074177231901,-0.015391283712514414,-0.015428761798336854,0.04181688910528758
10111706074,0.6329745749493059,0.6319486094889359,0.6375627947113754,0.6343536885373525,0.6344003985924703,0.6344655655967592,0.6347521047708139,0.626232461130072,0.6311352096784304,0.6368814249992282,0.643279561569186,0.6345464743090393,0.634623173505312,0.6341573664193528,0.6340816962893671,0.7222593051714822,30535,32536,False,0.9980781924831612,0.9972395986899251,3.6515348183809907e-06,0.9970120081827346,0.9958623199377369,1.0941062016334794e-05,0.0013791135880466543,0.0014258236431644589,0.001571899359733453,0.0016485985560061867,0.08928473022217631
10119607346,0.5694041189655951,0.5890899821565129,0.563460248863721,0.5744412590246611,0.5744067720293574,0.5744412590246611,0.575347995753779,0.5830450611036421,0.5910618530523234,0.562291261559471,0.5845787177911351,0.5793363476588905,0.5793363476588905,0.5797395340453337,0.580568826850784,0.6025605206501553,31817,32247,False,0.9926120162276441,0.9907545681294775,3.9455237214457584e-06,0.9940835442792405,0.990869053595667,3.622948977904018e-06,0.005037140059066081,0.005002653063762352,0.009932228693295464,0.009932228693295464,0.033156401684560244
10119736773,0.9629781869998904,0.962784013139885,0.9603074562244814,0.9634176417395117,0.9634039404817363,0.9634039404817363,0.9633217329350834,0.9630704371868926,0.9632298545085898,0.9547161021593774,0.9631943873496122,0.9638423807305511,0.9638423807305511,0.9638834845038775,0.9638423807305511,0.8373586562740147,39678,42212,False,0.998389659842436,0.9948330132521576,3.6714734968600602e-06,0.9981358940559214,0.9939152701299184,3.2860311121349063e-06,0.00043945473962136994,0.0004257534818459252,0.0008641937306607117,0.0008641937306607117,-0.12561953072587562
10129791115,0.6873584198432229,0.689895811253689,0.670330383959737,0.6812547844357216,0.6812547844357216,0.6811126854611489,0.6809172489047409,0.6933838293148762,0.6763671146706441,0.6655413630240371,0.6722780474342949,0.6780308572729195,0.6780308572729195,0.6778241997626518,0.6777057016046433,0.638514181021321,29681,24881,True,0.9966574638692451,0.9958880858083179,4.702446070594345e-06,0.997432468136061,0.9967803286875078,4.148608574635209e-06,-0.006103635407501251,-0.006103635407501251,-0.009327562570303427,-0.009327562570303427,-0.04884423882190192
10129813456,0.8093123229562569,0.7978156595673271,0.8460650750116152,0.8225808784184419,0.8225146410237871,0.8242156365480763,0.8250047143126532,0.7776072161167186,0.8278231000429369,0.8506336431820603,0.8472224299065421,0.8318787861008845,0.8317178678788768,0.833526929467292,0.8339439956444327,0.7872661689455582,36569,30553,True,0.9944947383191993,0.994576417056475,1.6649871216214388e-06,0.9957937951716564,0.996002040019444,1.873918607940775e-06,0.013268555462184972,0.01320231806753025,0.022566463144627624,0.022405544922619924,-0.02204615401069865
10163352444,0.8064857243567148,0.8085728409010663,0.807176330698748,0.8061237329605033,0.8059736956126742,0.8061011925566569,0.8060957707095421,0.8065638086228245,0.8088610989569366,0.8010309708076865,0.8076950002100164,0.804721358993297,0.8046170778940329,0.80481652335094,0.8048420143002495,0.8297917448099285,35217,31181,True,0.994771784557124,0.9909569763086804,1.647121695936383e-05,0.9971322132014064,0.9949740614715233,9.058322658384018e-06,-0.000361991396211514,-0.0005120287440406601,-0.0017643653634178413,-0.0018686464626819221,0.023306020453213616
10165890496,0.5360557338343614,0.5421854315733029,0.5362207997339762,0.5394941147007263,0.5394941147007263,0.5394580877810982,0.5394580877810982,0.5407312595786247,0.5437373585410293,0.5454904607483251,0.5344595156861114,0.5417062797097824,0.5418216388411695,0.5420467241408061,0.5420342544569151,0.5516511177257926,24448,24169,True,0.9996017019422562,0.9993545250978173,2.118950729500832e-06,0.999123674278864,0.9986360026244,1.1094923114388946e-05,0.003438380866364832,0.003438380866364832,0.005650545875420909,0.00576590500680807,0.015595383891431114
10173808724,0.790263980284052,0.7897689935803468,0.7961060586653004,0.7930797608446762,0.7931052029003943,0.7931095900867663,0.7932105048859935,0.7883873260891642,0.7899106805887534,0.8047729022324865,0.7912037391770745,0.7936568492802278,0.7937077165674754,0.7938797313797313,0.7939096367151725,0.7581433888451194,35743,36288,False,0.9989272473972622,0.9971089099442979,1.4206466571139206e-06,0.9987718162375653,0.9973038805526117,4.285854399597363e-06,0.002815780560624259,0.0028412226163423426,0.0033928689961758574,0.0034437362834234264,-0.03212059143893253
10202025415,0.86358387640524,0.8678947717182427,0.8620918590909694,0.8649236605780838,0.8649007149584157,0.8649042989216219,0.8649042989216219,0.8664205470207614,0.8691428798917155,0.8586400648220713,0.8667586975855157,0.8651986469456788,0.8652287529680184,0.8651853817072361,0.8651853817072361,0.7878183680437009,34629,38010,False,0.9991686812238494,0.9974053502697448,3.1790443252087235e-06,0.9987816207398462,0.9972717396212682,8.55761432785131e-06,0.0013397841728437498,0.0013168385531756588,0.0016147705404387924,0.0016448765627783413,-0.07576550836153917
10221582415,0.66682201250534,0.6709470928951835,0.6623044427506556,0.6659514238072464,0.6658611287008439,0.6660935217385684,0.6660417609412373,0.6693676991093075,0.6642546476271122,0.6699915359072857,0.6389396133744727,0.6591587934416142,0.6591343134364706,0.6589053910324589,0.6588692208108489,0.7596098840535224,35141,31059,True,0.9965135024072076,0.9948043254787272,4.357783102116775e-06,0.9920149192374444,0.990092093065262,6.60098895200489e-06,-0.0008705886980936439,-0.0009608838044961043,-0.007663219063725801,-0.007687699068869458,0.09278787154818235
10234680056,0.7826325293434799,0.7819438625890239,0.7903861690095331,0.7860554426049634,0.7860554426049634,0.7860877142027302,0.7860554426049634,0.7765526844116314,0.7869760719447567,0.7997875559275115,0.7695499935157567,0.783152559881206,0.7832171218283943,0.7829427335528439,0.7828480113636364,0.7476907230196704,32506,34815,False,0.9991260852501578,0.9978723234705831,1.0274586830168975e-06,0.997943760953201,0.9960950096555607,2.578798314226211e-06,0.0034229132614834734,0.0034229132614834734,0.0005200305377260905,0.0005845924849143813,-0.0349418063238095
10246013484,0.8345762370250932,0.8323524522028263,0.8377184071515644,0.835379557881319,0.8353122694036359,0.8355086565561669,0.8355704697986577,0.8316143199361192,0.8314869765908341,0.841916711517761,0.8384712120182176,0.836835764957837,0.8366954369061956,0.8369325030132584,0.8370224023038543,0.7414370610480822,33435,31504,True,0.9982188169869025,0.9972459737506874,2.902206002333844e-06,0.9964520207313097,0.9953448775058638,1.1082188895879502e-05,0.0008033208562258087,0.0007360323785426948,0.0022595279327437545,0.0021191998811024293,-0.09313917597701105
10268129763,0.6724718431559502,0.668873877877522,0.6795531095873932,0.6741829577674974,0.6741628365068942,0.6741225975886356,0.6741427164473095,0.6678499287072244,0.6832342877723753,0.6795544495082754,0.6904885258891293,0.6803290994805273,0.6803290994805273,0.6801969496817581,0.6802185923612779,0.7132859792155078,34970,25040,True,0.9980622380761867,0.9945445417526636,1.590081635550306e-06,0.9964013644134339,0.9920253302414288,2.915873854052545e-06,0.0017111146115471598,0.0016909933509440256,0.007857256324577122,0.007857256324577122,0.04081413605955764
10278084464,0.5673484816665967,0.5687290759080531,0.5660482867567908,0.5674106205835024,0.5673947416290036,0.567514238934214,0.567514238934214,0.5712915014603999,0.5644698743436638,0.5657540551472127,0.5646020900880843,0.5661532027601589,0.566082702680102,0.5662952995802948,0.5663268863385997,0.5996257571032286,35816,23199,True,0.9989632392562262,0.9975886332666608,3.4049906508431334e-06,0.9986306907076585,0.9970212528588163,5.496348870822878e-06,6.21389169057629e-05,4.625996240692487e-05,-0.00119527890643778,-0.0012657789864947144,0.03227727543663195
