row_type,dataset,method,feature_set,direction,AUROC,AUPRC,balanced_accuracy,F1,diagnostic_threshold,leakage_mean,leakage_std,extent_mean,extent_std,effect_size_cohen_d,Pearson_label,Spearman_label,num_pixels,note,accuracy,threshold,confusion_matrix,num_samples,positive_fraction
single_variable,vggss_144k,AUD_raw_score,non_prototype,lower=leakage,0.5395027085062765,0.533019013084356,0.529696535030705,0.5330663106364041,-0.005159793421626091,0.00516591575941433,0.00010839720699480668,0.005180487441462342,0.00011189100831987245,-0.13227988309433236,-0.06599575013000444,-0.06842069818967039,44618,balanced accuracy uses in-domain Youden threshold for single-variable diagnosis only,,,,,
single_variable,vggss_144k,IMG_raw_score,non_prototype,lower=leakage,0.5381081487709853,0.5370817024376275,0.5294051728002152,0.538375288556667,-0.020460566505789757,0.02047108184283897,0.0004970907684938689,0.020528994404870594,0.000485960739561895,-0.11781447895417604,-0.058805298793903844,-0.06600524987305766,44618,balanced accuracy uses in-domain Youden threshold for single-variable diagnosis only,,,,,
single_variable,vggss_144k,AUD_norm_score,non_prototype,lower=leakage,0.5685565542159642,0.5461930847394798,0.553543412972343,0.6175996314213315,-0.6567742824554443,0.6434074861844409,0.04230512983077822,0.6555860649973516,0.051394051909496696,-0.25873618891017147,-0.12829893710698403,-0.11874343512614216,44618,balanced accuracy uses in-domain Youden threshold for single-variable diagnosis only,,,,,
single_variable,vggss_144k,IMG_norm_score,non_prototype,lower=leakage,0.5679731013921052,0.55987226232917,0.551481464879645,0.5189191788066734,-0.5550969839096069,0.5397627159617142,0.058263654098056346,0.5520012713058681,0.05073747748908922,-0.22402493757314548,-0.1113163142215241,-0.11773286519100519,44618,balanced accuracy uses in-domain Youden threshold for single-variable diagnosis only,,,,,
single_variable,vggss_144k,AUD_minus_IMG,non_prototype,higher=leakage,0.5000504117529792,0.5005669566654297,0.5025101976780671,0.467991275795125,0.10152596235275269,0.10364477022272676,0.07079520970887049,0.10358479369148359,0.07067294733385135,0.0008479153202871376,0.0004239576220424489,8.731571748116636e-05,44618,balanced accuracy uses in-domain Youden threshold for single-variable diagnosis only,,,,,
single_variable,vggss_144k,AUD_IMG_log_ratio,non_prototype,higher=leakage,0.5076690633569434,0.5140394685961852,0.5105114527769061,0.22343905561086616,0.31025768872604653,0.18053815781713434,0.1365152303696578,0.17405683931516347,0.12547493239458296,0.04943369900786879,0.024709302919950795,0.013283207384026932,44618,balanced accuracy uses in-domain Youden threshold for single-variable diagnosis only,,,,,
single_variable,vggss_144k,AUD_threshold_distance,non_prototype,lower=leakage,0.5685565542159642,0.5461930847394798,0.553543412972343,0.6175996314213315,-0.05677428245544436,0.043407486184440944,0.04230512983077822,0.055586064997351636,0.051394051909496696,-0.2587361889101706,-0.12829893710698406,-0.11874343512614216,44618,balanced accuracy uses in-domain Youden threshold for single-variable diagnosis only,,,,,
single_variable,vggss_144k,IMG_threshold_distance,non_prototype,higher=leakage,0.5679731013921052,0.55987226232917,0.551481464879645,0.5189191788066734,0.044903016090393044,0.060237284038285814,0.058263654098056346,0.04799872869413195,0.05073747748908922,0.22402493757314562,0.11131631422152413,0.11773286519100519,44618,balanced accuracy uses in-domain Youden threshold for single-variable diagnosis only,,,,,
single_variable,vggss_144k,AUD_L3_response,non_prototype,lower=leakage,0.5354793625651793,0.534079130919437,0.5280604240441078,0.5510904555823225,-0.5219488926231861,0.4838431907317424,0.19386328498275027,0.507460878712034,0.18914044684091852,-0.12331938637395452,-0.06154281381448686,-0.06145205860303353,44618,balanced accuracy uses in-domain Youden threshold for single-variable diagnosis only,,,,,
single_variable,vggss_144k,AUD_L4_response,non_prototype,higher=leakage,0.5176283738720455,0.507137323248981,0.5177058586220809,0.5913363845262738,0.554205075794016,0.5833580029326791,0.06512627207157845,0.5803992373365046,0.06693441152866887,0.0448049824399047,0.022396871747854083,0.030533239211077996,44618,balanced accuracy uses in-domain Youden threshold for single-variable diagnosis only,,,,,
single_variable,vggss_144k,IMG_L3_response,non_prototype,higher=leakage,0.544688107691359,0.541436474622541,0.5365099287283159,0.48331001399160506,0.5902571622282267,0.5501498981754706,0.18987063673225954,0.5212573112774818,0.185608407914885,0.15388728616948213,0.07671688379929983,0.07740207304172846,44618,balanced accuracy uses in-domain Youden threshold for single-variable diagnosis only,,,,,
single_variable,vggss_144k,IMG_L4_response,non_prototype,lower=leakage,0.5560209980769191,0.5543629699864528,0.5455645703527724,0.4874361696749077,-0.5426530102267861,0.5372972956488027,0.06149100023608863,0.5489305844956922,0.053827502281179246,-0.20131523500895485,-0.10015153073650652,-0.0970312149913257,44618,balanced accuracy uses in-domain Youden threshold for single-variable diagnosis only,,,,,
single_variable,vggss_144k,AUD_L3_L4_consistency,non_prototype,lower=leakage,0.5219557214000213,0.5234048103039706,0.5164059348245102,0.3694438762091236,-0.7484557051429874,0.8151481238796241,0.13293937442697426,0.826351476452924,0.1265271398741088,-0.08633046929813956,-0.043125077215925865,-0.03802842499396401,44618,balanced accuracy uses in-domain Youden threshold for single-variable diagnosis only,,,,,
single_variable,vggss_144k,AUD_L3_L4_disagreement,non_prototype,higher=leakage,0.5219557214000213,0.5234048103039706,0.5164059348245102,0.3694438762091236,0.2515442948570126,0.18485187612037599,0.13293937442697426,0.17364852354707597,0.1265271398741088,0.08633046929814085,0.043125077215925865,0.03802842499396401,44618,balanced accuracy uses in-domain Youden threshold for single-variable diagnosis only,,,,,
single_variable,vggss_144k,IMG_L3_L4_consistency,non_prototype,lower=leakage,0.5137662362358177,0.5093141280499629,0.5115648393025236,0.5088680053185496,-0.8612869897115161,0.8389388404117708,0.11599728746251058,0.8439369378384953,0.11561056875459293,-0.043159938882645126,-0.021574946352865224,-0.023843820597144055,44618,balanced accuracy uses in-domain Youden threshold for single-variable diagnosis only,,,,,
single_variable,vggss_144k,IMG_L3_L4_disagreement,non_prototype,higher=leakage,0.5137662362358177,0.5093141280499629,0.5115648393025236,0.5088680053185496,0.13871301028848393,0.16106115958822917,0.11599728746251058,0.15606306216150476,0.11561056875459293,0.04315993888264417,0.021574946352865235,0.023843820597144055,44618,balanced accuracy uses in-domain Youden threshold for single-variable diagnosis only,,,,,
single_variable,vggss_144k,L4_target_ownership,non_prototype,lower=leakage,0.524870884820309,0.5241165707039899,0.5197902191940472,0.38967697829430864,-0.0812218812793617,0.1210172864148218,0.06380998860977742,0.12544098989519717,0.0630400290728689,-0.069745705554199,-0.0348516673833753,-0.04307763615190164,44618,balanced accuracy uses in-domain Youden threshold for single-variable diagnosis only,,,,,
single_variable,vggss_144k,L4_other_max_ownership,non_prototype,higher=leakage,0.524870884820309,0.5241165411320469,0.5197902191940472,0.38967697829430864,0.9187781260698102,0.87898271354315,0.06380998866751908,0.874559009665711,0.06304002939214275,0.0697457116080353,0.03485167040477999,0.04307763615190164,44618,balanced accuracy uses in-domain Youden threshold for single-variable diagnosis only,,,,,
single_variable,vggss_144k,L4_target_other_margin,non_prototype,lower=leakage,0.5248709109409089,0.5241165879012735,0.5197902191940472,0.38967697829430864,0.8375562447904485,-0.7579654271283282,0.12761997727729404,-0.7491180197705138,0.1260800584650093,-0.06974570858111748,-0.0348516688940783,-0.043077681394107635,44618,balanced accuracy uses in-domain Youden threshold for single-variable diagnosis only,,,,,
single_variable,vggss_144k,L4_ownership_entropy,non_prototype,lower=leakage,0.5227648170252687,0.5223209998047936,0.5179523958940339,0.40055741360089187,-0.4015023836247174,0.4823601524243274,0.15377744384096023,0.4940819849393354,0.15100629228354456,-0.07691583668057335,-0.03842950999718488,-0.0394298197240719,44618,balanced accuracy uses in-domain Youden threshold for single-variable diagnosis only,,,,,
single_variable,vggss_144k,HR14_target_ownership,non_prototype,lower=leakage,0.532217835972965,0.5314320347586732,0.5239141153794433,0.4456969886749126,-0.06012993766125874,0.08131454839543058,0.04598295944817245,0.08610138896047224,0.04732480924246978,-0.10259265064341046,-0.0512289698739269,-0.055802928830281415,44618,balanced accuracy uses in-domain Youden threshold for single-variable diagnosis only,,,,,
single_variable,vggss_144k,HR14_other_max_ownership,non_prototype,higher=leakage,0.5322178520471802,0.5314320629384248,0.5239141153794433,0.4456969886749126,0.9398700682795607,0.9186854510574055,0.045982959386714005,0.913898610884783,0.047324808944776954,0.10259264263153753,0.051228965883749644,0.05580295667163895,44618,balanced accuracy uses in-domain Youden threshold for single-variable diagnosis only,,,,,
single_variable,vggss_144k,HR14_target_other_margin,non_prototype,lower=leakage,0.5322178420007957,0.5314320541635686,0.5239141153794433,0.4456969886749126,0.8797401306183019,-0.8373709026619749,0.09196591883488306,-0.8277972219243107,0.09464961818724356,-0.10259264663747733,-0.051228967878840084,-0.05580293927079049,44618,balanced accuracy uses in-domain Youden threshold for single-variable diagnosis only,,,,,
single_variable,vggss_144k,HR14_ownership_entropy,non_prototype,lower=leakage,0.5317666849917408,0.5310098956814591,0.5231520910843157,0.44480976984499765,-0.325564824293382,0.38479717687860326,0.14441716627574397,0.40073603348509573,0.14537876853834314,-0.10999994786114954,-0.05491697480555479,-0.055021512408245155,44618,balanced accuracy uses in-domain Youden threshold for single-variable diagnosis only,,,,,
single_variable,vggss_144k,AUD_neighbor_consistency,non_prototype,lower=leakage,0.5272591756498239,0.5191781259351868,0.5262898381818997,0.3249441073139572,-0.8888888955116272,0.9312285564593035,0.13776434660191963,0.9493477998643791,0.12041107480293504,-0.14004781210079126,-0.06985285905165592,-0.06742069725514363,44618,balanced accuracy uses in-domain Youden threshold for single-variable diagnosis only,,,,,
single_variable,vggss_144k,IMG_neighbor_consistency,non_prototype,lower=leakage,0.5387839529847207,0.5215488179092638,0.5382581021112556,0.6426985778702741,-0.0,0.048515547687613854,0.11724397583221823,0.071575498936212,0.13819322724914476,-0.1799486314748558,-0.0896123240797809,-0.09482822736888825,44618,balanced accuracy uses in-domain Youden threshold for single-variable diagnosis only,,,,,
single_variable,vggss_144k,F34_local_similarity,non_prototype,lower=leakage,0.5614566677704496,0.5598055067470168,0.5489040297637725,0.5431392577459994,-0.9785679961787537,0.9769544167476056,0.007199245480560281,0.9784740786012942,0.006442127082161012,-0.2224595265356448,-0.11054801211979738,-0.10644607107127407,44618,balanced accuracy uses in-domain Youden threshold for single-variable diagnosis only,,,,,
single_variable,vggss_144k,K34_local_similarity,non_prototype,lower=leakage,0.5590391821474637,0.5569829395818291,0.5437715720112959,0.5448121645796065,-0.9817911987775005,0.9801641298528495,0.006558109642197195,0.9815153109309976,0.005913484661397162,-0.21639250776129595,-0.107568464512567,-0.10225886314455218,44618,balanced accuracy uses in-domain Youden threshold for single-variable diagnosis only,,,,,
single_variable,vggss_144k,distance_to_AUD_boundary,non_prototype,lower=leakage,0.5351689051715958,0.5261031214358917,0.5303240844502219,0.5370885796333112,-0.016096211051178522,0.027328470199233734,0.039316731446003624,0.030104032909285598,0.039707561240469404,-0.07024495054296377,-0.03510083195688889,-0.0610306120198721,44618,balanced accuracy uses in-domain Youden threshold for single-variable diagnosis only,,,,,
single_variable,vggss_144k,distance_to_IMG_boundary,non_prototype,higher=leakage,0.5878094525793179,0.5831517610051449,0.5676184499529338,0.5265069703514628,0.018940360210353953,0.029881291014198768,0.0391746070115835,0.02073266494364923,0.02812594089027786,0.268282479769437,0.13295042634541668,0.1524797718995525,44618,balanced accuracy uses in-domain Youden threshold for single-variable diagnosis only,,,,,
single_variable,vggss_144k,F34_agreement_core_similarity,prototype,lower=leakage,0.5829680235173647,0.5933010822313569,0.559774082208974,0.504590395480226,-0.788486436009407,0.7833949456364517,0.08879284437280568,0.8095535408674283,0.07083471841855118,-0.3256908062538611,-0.16072820211477237,-0.1437048321747518,44618,balanced accuracy uses in-domain Youden threshold for single-variable diagnosis only,,,,,
single_variable,vggss_144k,K34_agreement_core_similarity,prototype,lower=leakage,0.5891039312364681,0.5953860260465015,0.5615670805504505,0.5009948472016734,-0.8210080323624425,0.817765711249644,0.07504602404136293,0.8410024444738015,0.06036553366689919,-0.34120230916128375,-0.16817141323629628,-0.15433253609768546,44618,balanced accuracy uses in-domain Youden threshold for single-variable diagnosis only,,,,,
single_variable,vggss_144k,F34_AUD_core_similarity,prototype,lower=leakage,0.578653290229816,0.587693286137711,0.5572862970101753,0.45374851359199136,-0.7838185966829769,0.796531331085542,0.08321820304793616,0.8199079297689208,0.067279774255657,-0.3089290391070353,-0.1526541448735109,-0.1362314948975754,44618,balanced accuracy uses in-domain Youden threshold for single-variable diagnosis only,,,,,
single_variable,vggss_144k,K34_AUD_core_similarity,prototype,lower=leakage,0.5851001978472683,0.5895614093771999,0.558205208660182,0.5344355219650448,-0.8421155480900779,0.8291413435215167,0.0703661559351574,0.8499822827731929,0.05752031065663936,-0.3242968528265076,-0.16005794728747869,-0.1473978664457443,44618,balanced accuracy uses in-domain Youden threshold for single-variable diagnosis only,,,,,
single_variable,vggss_144k,F34_IMG_core_similarity,prototype,lower=leakage,0.588864318937378,0.5983910896921674,0.5653772020260881,0.5257288201917433,-0.797294813382905,0.7861365768126123,0.08751190458609096,0.813337962282199,0.06938292538836861,-0.3444548740516097,-0.1697285632538841,-0.15391751542142995,44618,balanced accuracy uses in-domain Youden threshold for single-variable diagnosis only,,,,,
single_variable,vggss_144k,K34_IMG_core_similarity,prototype,lower=leakage,0.5942402578516307,0.5999368855061328,0.566990900533417,0.543046357615894,-0.835461916634813,0.8207874123093584,0.07403994406955385,0.8447648097347116,0.059220430145875434,-0.35765311320588866,-0.1760340161461597,-0.16322891476183637,44618,balanced accuracy uses in-domain Youden threshold for single-variable diagnosis only,,,,,
linear_probe_OOF,vggss_144k,PREDICTION,PREDICTION,,0.5945160753113232,0.5784551124210953,0.5647048276480344,0.5726544622425629,,,,,,,,,,,0.5647048276480344,0.5,"[[12183, 10126], [9296, 13013]]",44618,0.5
linear_probe_OOF,vggss_144k,WITHOUT_PROTOTYPE,WITHOUT_PROTOTYPE,,0.6583645441180457,0.6484343185515187,0.6122641086556995,0.6098683023633411,,,,,,,,,,,0.6122641086556995,0.5,"[[13796, 8513], [8787, 13522]]",44618,0.5
linear_probe_OOF,vggss_144k,WITH_PROTOTYPE,WITH_PROTOTYPE,,0.6615016100707578,0.6548467157283253,0.6126002958447263,0.60947561058268,,,,,,,,,,,0.6126002958447263,0.5,"[[13845, 8464], [8821, 13488]]",44618,0.5
linear_probe_OOF,vggss_144k,PROTOTYPE_ONLY,PROTOTYPE_ONLY,,0.5953923350357688,0.5996086713781638,0.5660495764041418,0.5373697792220204,,,,,,,,,,,0.5660495764041418,0.5,"[[14011, 8298], [11064, 11245]]",44618,0.5
single_variable,flickr_144k,AUD_raw_score,non_prototype,lower=leakage,0.5865132555384595,0.5588753214114633,0.5712177121771218,0.6391304347826087,-0.005152266938239336,0.0050891203341861275,0.00010278538651461374,0.005123856670233486,0.00011822230371558925,-0.31358103675281246,-0.15489812707316292,-0.14984536439031376,2710,balanced accuracy uses in-domain Youden threshold for single-variable diagnosis only,,,,,
single_variable,flickr_144k,IMG_raw_score,non_prototype,lower=leakage,0.5391497937119593,0.5342177410762161,0.533210332103321,0.5173597863410911,-0.020117083564400673,0.02008658130120527,0.0004470084499365503,0.020148839633843115,0.00044667307289623324,-0.13933001111294718,-0.06949656884825568,-0.06780943648265303,2710,balanced accuracy uses in-domain Youden threshold for single-variable diagnosis only,,,,,
single_variable,flickr_144k,AUD_norm_score,non_prototype,lower=leakage,0.6151893356571942,0.5906511373200832,0.5881918819188192,0.631439894319683,-0.6665767431259155,0.6519050671605606,0.044604578915340545,0.6739023240729891,0.05756185775270925,-0.4271941875408164,-0.20888517884417404,-0.19951379549178408,2710,balanced accuracy uses in-domain Youden threshold for single-variable diagnosis only,,,,,
single_variable,flickr_144k,IMG_norm_score,non_prototype,lower=leakage,0.5366934001443335,0.5432441867767412,0.5339483394833948,0.5500534378339864,-0.5570566654205322,0.5301447591878391,0.062355048021953755,0.5389429264182974,0.05472429961551555,-0.14997589055794597,-0.07477799450569896,-0.06355483770811246,2710,balanced accuracy uses in-domain Youden threshold for single-variable diagnosis only,,,,,
single_variable,flickr_144k,AUD_minus_IMG,non_prototype,lower=leakage,0.5608485723233616,0.5564567748060931,0.5487084870848709,0.6205398696866273,-0.1555359959602356,0.12176030797272151,0.06988447822994884,0.13495939765469175,0.0688614805183652,-0.1902575187096875,-0.09470122594962448,-0.10539282600743176,2710,balanced accuracy uses in-domain Youden threshold for single-variable diagnosis only,,,,,
single_variable,flickr_144k,AUD_IMG_log_ratio,non_prototype,lower=leakage,0.548313884614861,0.5508069021755231,0.5453874538745388,0.46059544658493873,-0.1557579627197773,0.21252293450955462,0.13700511413749236,0.22574553363706953,0.12019848546825634,-0.10259934406565249,-0.0512323034181395,-0.08368210856119333,2710,balanced accuracy uses in-domain Youden threshold for single-variable diagnosis only,,,,,
single_variable,flickr_144k,AUD_threshold_distance,non_prototype,lower=leakage,0.6151893356571942,0.5906511373200832,0.5881918819188192,0.631439894319683,-0.06657674312591555,0.051905067160560654,0.044604578915340545,0.07390232407298918,0.05756185775270925,-0.42719418754081706,-0.20888517884417407,-0.19951379549178408,2710,balanced accuracy uses in-domain Youden threshold for single-variable diagnosis only,,,,,
single_variable,flickr_144k,IMG_threshold_distance,non_prototype,higher=leakage,0.5366934001443335,0.5432441867767412,0.5339483394833948,0.5500534378339864,0.04294333457946775,0.06985524081216085,0.062355048021953755,0.06105707358170257,0.05472429961551555,0.14997589055794489,0.07477799450569894,0.06355483770811246,2710,balanced accuracy uses in-domain Youden threshold for single-variable diagnosis only,,,,,
single_variable,flickr_144k,AUD_L3_response,non_prototype,lower=leakage,0.5402753230484334,0.5343461100674942,0.5472324723247233,0.4885368903709879,-0.433944322867319,0.4803375913912645,0.18733539683504896,0.5075841521191268,0.18950952807133514,-0.14460116344971538,-0.0721123482843804,-0.06975891142269088,2710,balanced accuracy uses in-domain Youden threshold for single-variable diagnosis only,,,,,
single_variable,flickr_144k,AUD_L4_response,non_prototype,lower=leakage,0.5401761958578994,0.5210173433000975,0.5413284132841328,0.6412698412698413,-0.6390900484257145,0.5828092883073591,0.06418585289868903,0.5935157110705569,0.07229115595214061,-0.1566211227289844,-0.07807153868476599,-0.06958721807846323,2710,balanced accuracy uses in-domain Youden threshold for single-variable diagnosis only,,,,,
single_variable,flickr_144k,IMG_L3_response,non_prototype,lower=leakage,0.5413657221443062,0.5467405263784705,0.5402214022140222,0.46060606060606063,-0.4174468065612018,0.48793519370688776,0.21514842755614097,0.5177225084428055,0.20100999982242806,-0.1430711826809859,-0.07135325485017247,-0.07164753820919499,2710,balanced accuracy uses in-domain Youden threshold for single-variable diagnosis only,,,,,
single_variable,flickr_144k,IMG_L4_response,non_prototype,lower=leakage,0.5512904236053431,0.55042125958378,0.5413284132841328,0.6027484819431128,-0.563249443192035,0.5236584964684234,0.06435602517930779,0.5348620577336682,0.057719070767532236,-0.18328127828887278,-0.09125824661448516,-0.08883762677247078,2710,balanced accuracy uses in-domain Youden threshold for single-variable diagnosis only,,,,,
single_variable,flickr_144k,AUD_L3_L4_consistency,non_prototype,lower=leakage,0.5113661306354761,0.5065723466052935,0.5151291512915129,0.4785714285714286,-0.8195526446143049,0.8192746024013342,0.1299892016100049,0.8231819315657982,0.13122367415197,-0.029916484935356355,-0.014956569302420035,-0.019686717329750893,2710,balanced accuracy uses in-domain Youden threshold for single-variable diagnosis only,,,,,
single_variable,flickr_144k,AUD_L3_L4_disagreement,non_prototype,higher=leakage,0.5113661306354761,0.5065723466052935,0.5151291512915129,0.4785714285714286,0.18044735538569512,0.18072539759866577,0.1299892016100049,0.1768180684342018,0.13122367415197003,0.029916484935355928,0.014956569302420035,0.019686717329750893,2710,balanced accuracy uses in-domain Youden threshold for single-variable diagnosis only,,,,,
single_variable,flickr_144k,IMG_L3_L4_consistency,non_prototype,lower=leakage,0.532790130853338,0.5338512307310608,0.5273062730627307,0.4686851928660307,-0.8020749405550305,0.8120509823345674,0.13193437624082208,0.8279835287392503,0.1242299325034682,-0.12433695594670466,-0.06204868701238666,-0.05679417719345702,2710,balanced accuracy uses in-domain Youden threshold for single-variable diagnosis only,,,,,
single_variable,flickr_144k,IMG_L3_L4_disagreement,non_prototype,higher=leakage,0.532790130853338,0.5338512307310608,0.5273062730627307,0.4686851928660307,0.19792505944496952,0.18794901766543265,0.13193437624082205,0.17201647126074962,0.1242299325034682,0.12433695594670574,0.062048687012386645,0.05679417719345702,2710,balanced accuracy uses in-domain Youden threshold for single-variable diagnosis only,,,,,
single_variable,flickr_144k,L4_target_ownership,non_prototype,lower=leakage,0.5289312509361256,0.5331651511684169,0.5317343173431734,0.5332842956969474,-0.4142268250325287,0.40013011630010714,0.12796402743982893,0.4135772822197228,0.12402654120821668,-0.10671450666711514,-0.05328146117392617,-0.05011040057888075,2710,balanced accuracy uses in-domain Youden threshold for single-variable diagnosis only,,,,,
single_variable,flickr_144k,L4_other_max_ownership,non_prototype,higher=leakage,0.5289312509361256,0.5331651511684169,0.5317343173431734,0.5332842956969474,0.5857731797659653,0.5998698846669793,0.127964026458161,0.5864227181649908,0.12402654240733776,0.10671451121109217,0.05328146343624689,0.05011040057888075,2710,balanced accuracy uses in-domain Youden threshold for single-variable diagnosis only,,,,,
single_variable,flickr_144k,L4_target_other_margin,non_prototype,lower=leakage,0.5289312509361256,0.5331651511684169,0.5317343173431734,0.5332842956969474,0.1715463547334366,-0.19973976836687224,0.25592805389798884,-0.172845435945268,0.24805308361555345,-0.10671450893910443,-0.053281462305086714,-0.05011040057888075,2710,balanced accuracy uses in-domain Youden threshold for single-variable diagnosis only,,,,,
single_variable,flickr_144k,L4_ownership_entropy,non_prototype,lower=leakage,0.5273359567544015,0.5415029311208337,0.5354243542435424,0.47211740041928724,-0.8515448239189063,0.8540614145827775,0.11741892133088928,0.8690546351648717,0.10290757488125221,-0.13580578397685453,-0.06774688783965545,-0.04734726936690446,2710,balanced accuracy uses in-domain Youden threshold for single-variable diagnosis only,,,,,
single_variable,flickr_144k,HR14_target_ownership,non_prototype,lower=leakage,0.5694214403398646,0.5575724654071477,0.5535055350553506,0.5912162162162162,-0.4184430108871311,0.3714953131005061,0.12201861660249025,0.40216772084804353,0.12583483766103415,-0.247475047115912,-0.12280099328526761,-0.12024147089574914,2710,balanced accuracy uses in-domain Youden threshold for single-variable diagnosis only,,,,,
single_variable,flickr_144k,HR14_other_max_ownership,non_prototype,higher=leakage,0.5694214403398646,0.5575724654071477,0.5535055350553506,0.5912162162162162,0.5815570269187447,0.6285046874195195,0.12201861617028192,0.5978322798822666,0.125834836069431,0.24747504745732965,0.1228009934521295,0.12024147089574914,2710,balanced accuracy uses in-domain Youden threshold for single-variable diagnosis only,,,,,
single_variable,flickr_144k,HR14_target_other_margin,non_prototype,lower=leakage,0.5694214403398646,0.5575724654071477,0.5535055350553506,0.5912162162162162,0.16311401603161357,-0.2570093743190134,0.2440372327727712,-0.19566455903422308,0.2516696737304642,-0.2474750472866218,-0.12280099336869907,-0.12024147089574914,2710,balanced accuracy uses in-domain Youden threshold for single-variable diagnosis only,,,,,
single_variable,flickr_144k,HR14_ownership_entropy,non_prototype,lower=leakage,0.5488040740186,0.5475333646918801,0.5468634686346863,0.5123113582208102,-0.9179023466482089,0.8890073507470407,0.10857829644783472,0.9067659419028511,0.09643893821194677,-0.17293709068364205,-0.08614709239125273,-0.0845311417882153,2710,balanced accuracy uses in-domain Youden threshold for single-variable diagnosis only,,,,,
single_variable,flickr_144k,AUD_neighbor_consistency,non_prototype,lower=leakage,0.5390133576612519,0.5266032264976991,0.5387453874538746,0.26900584795321636,-0.8888888955116272,0.9482574855929371,0.12145962313138374,0.9726937285428557,0.09191066048491474,-0.22688477316226932,-0.1127194023366048,-0.1153217330483905,2710,balanced accuracy uses in-domain Youden threshold for single-variable diagnosis only,,,,,
single_variable,flickr_144k,IMG_neighbor_consistency,non_prototype,lower=leakage,0.5026007271142823,0.5014389871568441,0.5029520295202952,0.6360443123480141,-0.0,0.03903239106010247,0.10836227843186856,0.03952439602230748,0.1075926402835732,-0.004556523561664342,-0.002278255868222798,-0.007603543494899527,2710,balanced accuracy uses in-domain Youden threshold for single-variable diagnosis only,,,,,
single_variable,flickr_144k,F34_local_similarity,non_prototype,lower=leakage,0.5977941476831743,0.5911163549416086,0.5745387453874539,0.5253190613421161,-0.965795133553911,0.963561433217294,0.015951696435185476,0.968427715760422,0.012510414247679328,-0.33947578367817294,-0.16734433479181554,-0.16938444527876698,2710,balanced accuracy uses in-domain Youden threshold for single-variable diagnosis only,,,,,
single_variable,flickr_144k,K34_local_similarity,non_prototype,lower=leakage,0.5864149453302652,0.5790738529100007,0.570110701107011,0.5843738851230824,-0.9674664952908643,0.9609654472644245,0.016586984126022122,0.9656527570269253,0.014076278415413009,-0.3047083268470723,-0.15061615576190368,-0.14967508718608813,2710,balanced accuracy uses in-domain Youden threshold for single-variable diagnosis only,,,,,
single_variable,flickr_144k,distance_to_AUD_boundary,non_prototype,lower=leakage,0.5882629593823614,0.5710809999081181,0.5708487084870849,0.6147731036767141,-0.029947338984372185,0.03379638018448246,0.049859731984850865,0.04282806262519421,0.048614757549061714,-0.18341726426786462,-0.09132539137705288,-0.15297435471385418,2710,balanced accuracy uses in-domain Youden threshold for single-variable diagnosis only,,,,,
single_variable,flickr_144k,distance_to_IMG_boundary,non_prototype,higher=leakage,0.5429054615269401,0.5488092894118237,0.5402214022140222,0.526595744680851,0.021175966474341827,0.032219356221542865,0.03297025646976231,0.02662248345936967,0.028599834720212585,0.18134862571936836,0.09030384132786831,0.07439196524199247,2710,balanced accuracy uses in-domain Youden threshold for single-variable diagnosis only,,,,,
single_variable,flickr_144k,F34_agreement_core_similarity,prototype,lower=leakage,0.6380174561893222,0.643563616280586,0.6095940959409594,0.6095940959409594,-0.7331463508307934,0.6998369019384267,0.09656437026359546,0.7444662444111573,0.07901173029599874,-0.5058544965796561,-0.2452056541542878,-0.23905326452819106,2710,balanced accuracy uses in-domain Youden threshold for single-variable diagnosis only,,,,,
single_variable,flickr_144k,K34_agreement_core_similarity,prototype,lower=leakage,0.6348328590296973,0.625428468631433,0.6084870848708488,0.5723498589278516,-0.6954905396560207,0.6817335185522634,0.10141769169886426,0.7264547071218668,0.0882461832437566,-0.4704505356369155,-0.22897582844083553,-0.233537380028978,2710,balanced accuracy uses in-domain Youden threshold for single-variable diagnosis only,,,,,
single_variable,flickr_144k,F34_AUD_core_similarity,prototype,lower=leakage,0.6475772388720197,0.6522842300977378,0.6232472324723247,0.6280510018214936,-0.7485277802916244,0.7122172795065622,0.09468329592125294,0.7588342234843266,0.0766577623367755,-0.5411557208360959,-0.2611857157486403,-0.25561129509603564,2710,balanced accuracy uses in-domain Youden threshold for single-variable diagnosis only,,,,,
single_variable,flickr_144k,K34_AUD_core_similarity,prototype,lower=leakage,0.6395490257485601,0.6313614950469226,0.6066420664206642,0.6298611111111111,-0.7463595629087649,0.6947574089611552,0.09990526570257953,0.7408521197257499,0.08674910152657751,-0.4926821362491528,-0.2391904452817103,-0.24170602102071492,2710,balanced accuracy uses in-domain Youden threshold for single-variable diagnosis only,,,,,
single_variable,flickr_144k,F34_IMG_core_similarity,prototype,lower=leakage,0.635770210100625,0.6403676888546908,0.6143911439114391,0.6179159049360147,-0.7401534816599451,0.7039641135221602,0.0975893483745463,0.7478709449940679,0.07915464123168339,-0.49416033530666953,-0.2398668584130237,-0.23516091983112367,2710,balanced accuracy uses in-domain Youden threshold for single-variable diagnosis only,,,,,
single_variable,flickr_144k,K34_IMG_core_similarity,prototype,lower=leakage,0.6334832042047357,0.6275761143271077,0.6092250922509225,0.5495533815397703,-0.6880394287290983,0.6864994391728576,0.10202461072138841,0.7309765523373891,0.08696543555170394,-0.4691949026157319,-0.22839661207405526,-0.23119970912269275,2710,balanced accuracy uses in-domain Youden threshold for single-variable diagnosis only,,,,,
linear_probe_OOF,flickr_144k,PREDICTION,PREDICTION,,0.6150226712599229,0.5832512368020499,0.5870848708487084,0.6202918221920597,,,,,,,,,,,0.5870848708487085,0.5,"[[677, 678], [441, 914]]",2710,0.5
linear_probe_OOF,flickr_144k,WITHOUT_PROTOTYPE,WITHOUT_PROTOTYPE,,0.6599278332266718,0.6362202115083229,0.6180811808118081,0.6218487394957983,,,,,,,,,,,0.6180811808118081,0.5,"[[824, 531], [504, 851]]",2710,0.5
linear_probe_OOF,flickr_144k,WITH_PROTOTYPE,WITH_PROTOTYPE,,0.6786481665554662,0.669771427149726,0.6321033210332103,0.6286778398510242,,,,,,,,,,,0.6321033210332103,0.5,"[[869, 486], [511, 844]]",2710,0.5
linear_probe_OOF,flickr_144k,PROTOTYPE_ONLY,PROTOTYPE_ONLY,,0.6480184093353849,0.6544445565773116,0.6158671586715867,0.5954139137193937,,,,,,,,,,,0.6158671586715867,0.5,"[[903, 452], [589, 766]]",2710,0.5
