category,sample_id,sort_key
SELECTOR_WRONG_IMG,-0BIyqJj9ZU_000030,-0BIyqJj9ZU_000030::000000
SELECTOR_CORRECT_IMG,-3Kv4fdm7Uk_000030,-3Kv4fdm7Uk_000030::000006
OGL_RESCUE_MISSED,-4bPiXbovf0_000008,-4bPiXbovf0_000008::000007
SELECTOR_CORRECT_AUD,-D64b_8YJK4_000046,-D64b_8YJK4_000046::000023
AUD_ONLY,-GW1J75oAKU_000304,-GW1J75oAKU_000304::000027
FIXED_IQR_HURT,-GW1J75oAKU_000304,-GW1J75oAKU_000304::000027
IMG_ONLY,-Vo4CAMX26U_000030,-Vo4CAMX26U_000030::000049
OGL_RESCUE_CAPTURED,-Vo4CAMX26U_000030,-Vo4CAMX26U_000030::000049
FIXED_IQR_RESCUE,-hYRFCQdbLg_000030,-hYRFCQdbLg_000030::000073
